trip_duration_days,miles_traveled,total_receipts_amount,actual_reimbursement,predicted_reimbursement,delta
6,164.0,1460.21,1535.3,1516.65,18.65
14,545.0,1206.76,1977.89,1867.24,110.65
3,560.0,1664.15,1419.48,1474.14,-54.66
5,406.0,1084.16,1399.39,1400.26,-0.87
5,446.0,219.98,788.62,757.31,31.31
9,800.0,2167.72,1726.51,1713.78,12.73
2,565.0,389.49,415.96,527.34,-111.38
8,1134.0,1049.84,2073.13,2060.47,12.66
10,860.0,2380.76,1759.97,1755.51,4.46
10,692.0,1671.71,1701.23,1759.41,-58.18
5,291.0,1279.7,1477.12,1463.1,14.02
13,137.0,1505.66,1777.72,1773.86,3.86
11,458.0,1364.29,1649.04,1713.35,-64.31
5,1080.0,2383.82,1664.76,1709.98,-45.22
6,668.0,1922.45,1796.98,1742.92,54.06
3,712.0,512.23,751.16,789.97,-38.81
8,1142.0,776.74,1827.44,1753.48,73.96
10,358.0,2066.62,1624.11,1611.82,12.29
9,896.0,1398.54,1727.1,1895.88,-168.78
5,763.0,1420.94,1777.14,1692.42,84.71
13,799.0,951.92,1793.36,1806.79,-13.43
5,351.0,407.74,883.11,768.51,114.6
13,112.0,2299.56,1807.67,1716.94,90.73
2,251.0,1916.43,1285.2,1311.0,-25.8
8,801.0,1241.21,1780.65,1803.65,-23.0
8,1182.0,990.07,1840.75,2037.55,-196.8
11,816.0,544.99,1077.12,1311.37,-234.25
5,504.0,1502.63,1628.66,1587.4,41.26
14,777.0,1248.61,1837.25,1957.93,-120.68
3,289.0,853.79,969.85,962.23,7.62
14,457.0,848.61,1492.64,1501.39,-8.75
7,83.0,137.84,482.65,559.79,-77.14
10,958.0,1643.76,1827.18,1892.92,-65.74
3,1187.0,1632.14,1451.85,1491.3,-39.45
11,198.0,269.95,695.66,814.21,-118.55
4,825.0,874.99,784.52,1302.63,-518.11
1,547.0,573.6,616.27,605.93,10.34
2,570.0,2297.12,1423.86,1416.46,7.4
12,765.0,1343.97,1953.03,1908.72,44.31
13,235.0,426.07,897.26,977.39,-80.13
10,223.0,745.89,1037.45,1084.19,-46.74
11,706.0,1508.23,2030.59,1861.94,168.65
4,275.0,2359.64,1483.58,1475.4,8.18
10,478.0,2091.79,1568.41,1635.36,-66.95
7,690.0,1807.71,1710.98,1748.61,-37.63
9,938.0,742.17,1632.1,1573.27,58.83
4,87.0,2463.92,1413.52,1386.02,27.5
12,528.0,2476.41,1662.88,1722.08,-59.2
14,595.0,2140.61,1989.13,1916.27,72.86
7,237.33,1262.27,1452.17,1497.27,-45.1
10,1009.0,2164.22,1889.87,1829.65,60.22
8,916.0,2417.62,1755.05,1727.46,27.59
2,89.0,13.85,234.2,268.57,-34.37
9,524.0,474.75,935.4,988.14,-52.74
3,196.0,1211.68,1229.87,1243.91,-14.04
13,1140.0,1607.8,2214.64,2140.68,73.96
4,348.0,2047.08,1507.04,1500.13,6.91
9,223.0,1916.03,1623.73,1571.66,52.07
14,47.0,1667.14,1745.18,1788.67,-43.49
8,107.0,2450.89,1468.19,1485.28,-17.09
1,467.0,296.49,221.23,283.82,-62.59
9,868.0,62.12,1022.81,1091.59,-68.78
12,1135.0,475.95,1447.39,1475.43,-28.04
5,651.0,1573.3,1682.08,1663.75,18.33
13,247.0,2339.61,1705.9,1737.46,-31.56
4,231.0,20.39,499.26,517.79,-18.53
9,1155.0,1346.4,2248.12,2099.86,148.26
1,133.0,8.34,179.06,182.29,-3.23
6,597.0,888.84,1395.65,1354.71,40.94
1,55.0,3.6,126.06,126.23,-0.17
5,764.0,848.75,1468.46,1379.16,89.3
3,158.0,1070.74,1183.16,1139.55,43.61
14,616.0,2374.41,1828.37,1879.58,-51.21
14,592.0,1268.36,1930.24,1914.39,15.85
3,98.0,871.46,866.05,865.78,0.27
3,504.0,63.39,568.17,575.19,-7.02
14,555.0,313.73,1201.26,1222.66,-21.4
12,437.0,639.96,1183.74,1178.05,5.69
7,817.0,1127.87,1809.91,1803.63,6.28
4,724.0,89.99,667.98,746.19,-78.21
13,1186.0,2462.26,1906.35,1923.17,-16.82
1,869.0,1498.88,1398.94,1374.55,24.39
4,470.0,1968.63,1501.1,1534.68,-33.58
9,51.0,314.81,704.94,644.23,60.71
10,753.0,2054.02,1779.08,1744.35,34.73
12,46.0,2077.07,1666.29,1642.53,23.76
13,1152.0,864.45,1797.14,1984.96,-187.82
10,831.0,39.86,982.64,1124.03,-141.39
7,344.0,1242.05,1514.4,1517.93,-3.53
5,708.0,1129.52,1654.62,1578.68,75.94
12,1189.0,1453.16,2162.13,2167.73,-5.6
11,623.0,2265.21,1739.18,1732.81,6.37
6,425.0,709.75,1114.9,1070.49,44.41
12,1070.0,1055.51,2030.76,2056.96,-26.2
5,751.0,407.43,1063.46,959.62,103.84
13,70.0,993.7,1492.02,1493.17,-1.15
9,1102.0,540.6,1455.85,1428.83,27.02
5,96.0,1105.47,1312.16,1279.53,32.63
6,803.0,465.6,1012.0,1080.47,-68.47
12,158.0,2195.67,1625.46,1666.16,-40.7
7,1033.0,1013.03,2119.83,1984.12,135.71
5,72.0,977.67,1156.55,1153.28,3.27
1,1002.0,2320.13,1475.4,1438.71,36.69
10,498.0,992.86,1395.03,1475.04,-80.01
12,713.0,1642.01,1873.19,1905.79,-32.6
13,997.0,920.48,2124.16,1944.37,179.79
7,759.0,1694.02,1960.92,1795.8,165.12
3,1074.0,247.32,636.02,751.92,-115.9
12,64.0,1641.01,1710.72,1689.97,20.75
4,730.0,799.25,1250.66,1207.65,43.01
14,174.0,815.3,1295.14,1360.35,-65.21
11,772.0,932.31,1575.52,1693.94,-118.42
4,256.0,2218.74,1476.03,1465.79,10.24
5,595.0,863.93,1231.67,1282.41,-50.74
8,1159.0,2175.27,1752.18,1831.64,-79.46
1,482.0,1697.08,1198.24,1237.51,-39.27
13,658.0,559.48,1573.12,1360.73,212.39
12,178.0,507.59,907.19,936.1,-28.91
14,1056.0,2489.69,1894.16,1920.73,-26.57
6,835.0,1404.28,1765.79,1787.45,-21.66
1,436.0,1358.14,1154.03,1161.76,-7.73
5,828.0,1606.84,1690.82,1732.41,-41.59
4,1065.0,119.34,781.82,824.41,-42.59
1,420.0,2273.6,1220.35,1239.54,-19.19
14,865.0,2497.16,1885.87,1891.81,-5.94
5,831.0,591.65,1090.31,1142.48,-52.17
2,299.0,1612.7,1282.8,1297.15,-14.35
5,691.0,1030.64,1465.26,1506.37,-41.11
14,343.0,2013.4,1839.05,1872.83,-33.78
1,678.0,1478.57,1370.31,1333.47,36.84
2,762.0,519.74,752.69,717.5,35.19
14,805.0,834.06,1683.49,1720.07,-36.58
4,180.0,2365.46,1443.02,1435.07,7.95
9,72.0,1281.32,1515.54,1506.76,8.78
14,512.0,526.84,1306.64,1326.99,-20.35
4,1001.0,739.08,1116.31,1197.0,-80.69
2,958.0,1855.58,1549.54,1514.87,34.67
3,795.0,450.85,743.94,774.05,-30.11
10,1187.0,1981.09,2013.21,1963.54,49.67
7,151.0,2461.93,1516.58,1533.45,-16.87
5,659.0,2083.15,1645.06,1683.45,-38.39
1,1041.0,1630.25,1466.95,1393.31,73.64
3,280.0,1090.37,1256.92,1208.31,48.61
11,667.0,1915.95,1732.2,1793.91,-61.71
1,553.0,1687.11,1295.34,1280.22,15.12
6,577.0,897.74,1257.31,1353.16,-95.85
7,336.0,1843.58,1691.68,1635.48,56.2
6,84.0,852.7,1109.32,1065.27,44.05
3,621.0,214.08,779.66,674.83,104.83
12,852.0,1957.9,1944.89,1895.15,49.74
5,579.0,1018.52,1468.01,1432.15,35.86
10,454.0,2359.42,1619.0,1623.49,-4.49
5,503.0,2335.55,1649.42,1642.28,7.14
7,981.0,658.85,1351.69,1435.95,-84.26
11,398.0,723.39,1154.77,1165.34,-10.57
11,844.0,1962.77,1787.57,1837.29,-49.72
5,285.0,974.73,1282.84,1236.43,46.41
9,524.0,2367.12,1640.78,1610.35,30.43
1,1112.0,2011.44,1423.85,1421.1,2.75
10,532.0,1223.36,1631.49,1626.78,4.71
5,104.0,281.67,464.68,518.92,-54.24
11,558.0,1549.86,1823.47,1788.65,34.82
13,855.0,1798.75,1951.77,1973.09,-21.32
3,139.0,2428.89,1345.66,1348.69,-3.03
5,247.0,296.51,594.93,630.36,-35.43
5,1143.0,1217.72,1745.09,1693.96,51.13
7,671.0,1297.02,1703.2,1658.55,44.65
13,1199.0,493.0,1634.13,1579.04,55.09
7,1161.0,1499.97,1862.45,1977.5,-115.05
3,1007.56,187.52,764.64,752.27,12.37
5,517.0,919.25,1288.31,1297.6,-9.29
7,670.0,1558.02,1702.81,1709.15,-6.34
13,608.0,370.89,1170.54,1196.71,-26.17
5,873.0,1584.53,1796.7,1737.51,59.19
11,512.0,2016.19,1710.53,1711.27,-0.74
9,597.0,625.99,990.84,1118.75,-127.91
4,1191.0,999.45,1478.93,1455.88,23.05
6,233.7,346.98,648.57,684.17,-35.6
1,170.0,2452.85,1209.08,1187.44,21.64
5,895.0,2329.69,1791.96,1720.6,71.36
2,500.0,1246.48,1264.53,1284.48,-19.95
12,959.0,1947.82,1833.24,1911.83,-78.59
6,825.0,1692.73,1817.77,1800.09,17.68
2,384.0,495.49,290.36,467.87,-177.51
1,793.0,2171.07,1421.36,1407.16,14.2
12,965.0,1700.28,1879.09,1950.38,-71.29
14,383.0,97.95,1203.93,1139.75,64.18
1,682.0,1517.04,1376.04,1341.6,34.44
4,84.0,2243.12,1392.1,1384.21,7.89
11,496.0,373.98,1152.99,1024.58,128.41
1,37.0,1397.17,1092.94,1055.47,37.47
5,794.0,511.0,1139.94,1053.94,86.0
5,116.0,478.1,624.04,604.75,19.29
14,467.0,2176.26,1809.83,1876.07,-66.24
8,638.0,1007.48,1483.06,1499.85,-16.79
3,29.0,1632.85,1269.1,1271.77,-2.67
9,52.0,350.58,601.81,659.16,-57.35
12,566.0,2013.7,1752.03,1803.76,-51.73
1,620.0,973.91,1112.02,1087.04,24.98
9,1080.0,539.51,1306.91,1418.4,-111.49
7,316.0,141.89,837.8,756.5,81.3
8,123.0,612.55,851.24,842.33,8.91
9,816.0,1171.81,1780.58,1824.54,-43.96
3,289.0,1245.67,1279.31,1294.33,-15.02
6,194.0,914.25,1168.72,1188.17,-19.45
7,1006.0,1181.33,2279.82,1991.16,288.66
6,135.0,2488.22,1561.2,1541.12,20.08
3,624.0,1160.92,1459.34,1395.21,64.13
11,293.0,285.14,966.87,886.07,80.8
8,1090.0,419.76,1189.47,1251.5,-62.03
1,1082.0,1809.49,446.94,1404.18,-957.24
12,380.0,1526.79,1787.41,1786.58,0.83
9,803.0,880.17,1589.75,1607.98,-18.23
12,211.0,1048.29,1579.73,1546.2,33.53
14,94.0,105.94,1180.63,1011.81,168.82
7,150.0,1379.35,1500.09,1505.86,-5.77
10,472.0,431.95,924.65,971.37,-46.72
2,875.0,393.25,640.56,652.15,-11.59
5,117.0,953.06,1116.8,1146.63,-29.83
8,752.0,1519.78,1662.92,1700.09,-37.17
6,222.08,709.07,1031.34,948.94,82.4
13,1062.0,869.28,2090.54,1942.05,148.49
9,913.0,1021.29,1964.86,1880.01,84.85
5,811.0,952.39,1608.6,1508.22,100.38
4,840.0,1375.42,1580.95,1601.24,-20.29
8,161.15,1230.37,1499.24,1476.57,22.67
8,633.0,1308.36,1639.12,1595.96,43.16
2,993.0,54.24,715.19,675.73,39.46
12,59.0,2247.39,1629.92,1635.87,-5.95
12,657.0,322.5,1113.16,1152.88,-39.72
1,76.0,13.74,158.35,149.2,9.15
11,67.0,2455.53,1572.91,1576.4,-3.49
3,1109.0,2092.26,1436.66,1509.81,-73.15
11,960.0,383.64,1248.46,1264.49,-16.03
12,931.0,864.21,1663.58,1795.78,-132.2
6,333.0,1254.68,1585.02,1523.5,61.52
8,534.0,429.88,916.02,964.87,-48.85
4,1113.0,2103.82,1695.08,1621.59,73.49
10,797.0,1706.73,1724.42,1807.34,-82.92
1,59.0,8.31,120.65,132.01,-11.36
7,623.0,1894.02,1739.49,1709.63,29.86
1,931.0,327.97,609.73,553.46,56.27
8,888.0,2296.07,1718.71,1733.54,-14.83
8,177.0,486.06,751.58,764.46,-12.88
8,1064.0,1756.52,1857.04,1891.96,-34.92
8,342.0,2259.06,1502.02,1539.91,-37.89
3,88.0,5.78,380.37,362.05,18.32
13,360.0,271.93,1017.64,1032.32,-14.68
5,130.0,306.9,574.1,540.04,34.06
8,962.0,1929.63,1897.19,1833.16,64.03
5,770.0,873.33,1502.49,1413.01,89.48
2,933.0,1589.58,1489.99,1492.63,-2.64
3,70.0,631.88,564.16,559.24,4.92
13,529.0,1767.79,2015.18,1895.31,119.87
12,379.0,1897.29,1682.98,1753.27,-70.29
1,1115.0,926.13,1192.88,1152.81,40.07
10,314.0,1098.8,1539.1,1509.24,29.86
13,1167.0,1074.36,2197.33,2156.61,40.72
13,774.0,206.45,1110.0,1233.19,-123.19
7,987.0,2164.1,1839.67,1848.08,-8.41
10,783.0,158.93,993.55,1081.9,-88.35
6,420.0,386.77,929.16,847.43,81.73
13,36.0,808.38,1190.16,1249.12,-58.96
6,957.0,727.75,1448.72,1440.99,7.73
10,215.0,2440.91,1638.66,1589.34,49.32
10,728.0,226.53,1060.47,1069.5,-9.03
12,128.0,477.17,874.99,889.95,-14.96
14,267.0,2090.21,1968.4,1848.64,119.76
9,800.0,39.96,1158.68,1067.82,90.86
10,1026.0,828.82,1865.67,1801.18,64.49
12,218.0,486.02,1005.67,942.24,63.43
5,125.0,96.38,570.99,521.1,49.89
3,177.0,18.73,430.86,424.08,6.78
7,635.0,1406.31,1630.66,1656.41,-25.75
8,275.0,2347.09,1454.47,1522.78,-68.31
10,424.0,474.99,831.96,951.56,-119.6
2,543.0,103.37,544.12,528.29,15.83
1,140.0,255.99,150.34,146.73,3.61
3,781.0,1801.38,1586.21,1542.63,43.58
3,1092.0,1737.65,1462.01,1510.91,-48.9
6,818.0,1130.38,1704.06,1714.36,-10.29
8,795.0,1645.99,644.69,1742.0,-1097.31
4,842.0,2464.29,1611.66,1636.21,-24.55
7,901.0,136.8,1222.6,1042.48,180.12
11,741.0,1872.39,1847.08,1829.79,17.29
11,1013.0,1483.3,1952.8,1986.19,-33.39
8,1012.0,2390.84,1732.12,1764.59,-32.47
1,698.0,1525.82,1398.75,1348.44,50.31
1,620.0,490.45,678.74,563.88,114.86
5,332.0,218.03,801.73,706.58,95.15
8,482.0,1411.49,631.81,1522.14,-890.33
12,757.0,897.4,1780.07,1687.68,92.39
9,768.0,1815.6,1666.18,1716.82,-50.64
1,979.0,1292.54,1313.53,1335.35,-21.82
8,415.0,1214.97,1473.75,1498.21,-24.46
7,1071.0,841.11,1699.9,1743.45,-43.55
2,202.0,21.24,356.17,353.04,3.13
11,312.0,2072.39,1586.22,1644.81,-58.59
7,313.0,2408.02,1637.65,1622.21,15.44
1,481.0,1792.17,1215.84,1244.85,-29.01
5,730.0,485.73,991.49,1005.64,-14.15
10,877.0,1711.12,1897.37,1843.06,54.31
5,1160.0,1901.83,1673.89,1730.36,-56.47
12,104.0,1300.05,1779.92,1670.37,109.55
11,708.0,1871.77,1916.37,1819.6,96.77
7,953.0,1918.24,1833.56,1862.12,-28.56
5,865.0,644.79,1202.46,1213.95,-11.49
7,381.0,2106.96,1705.27,1651.03,54.24
13,1024.0,1712.85,2097.69,2037.6,60.09
1,909.0,741.82,866.07,922.52,-56.45
5,152.0,2444.81,1523.75,1503.08,20.67
3,555.0,2342.76,1458.63,1471.94,-13.31
4,11.0,312.01,426.22,396.04,30.18
5,516.0,1878.49,669.85,1623.31,-953.46
11,927.0,1994.33,1779.12,1852.31,-73.19
12,121.0,608.92,1033.44,1007.34,26.1
14,68.0,438.96,866.76,946.2,-79.44
11,447.0,130.07,852.02,963.51,-111.49
6,811.0,1252.04,1771.8,1742.61,29.19
4,1202.0,1074.87,1501.24,1499.78,1.46
9,592.0,793.55,1235.69,1277.56,-41.87
12,180.0,384.42,873.97,874.06,-0.09
8,829.0,1147.89,2004.34,1841.82,162.52
7,889.0,1417.96,1826.08,1872.83,-46.75
11,327.0,961.08,1356.46,1425.24,-68.78
11,927.0,1306.37,1804.68,1941.29,-136.61
12,893.0,910.41,1862.13,1817.42,44.71
14,1015.0,871.76,1846.41,1918.49,-72.08
5,57.0,559.05,639.73,628.24,11.49
7,1089.0,1026.25,2132.85,2011.27,121.58
5,126.44,696.14,845.35,813.81,31.54
8,891.0,1194.36,2016.46,1921.03,95.43
12,710.0,1249.41,1921.09,1860.63,60.46
8,200.0,1508.89,1461.33,1518.35,-57.02
10,108.0,2181.67,1632.42,1577.78,54.64
5,567.0,193.11,718.3,786.38,-68.08
14,49.0,954.02,1480.87,1496.54,-15.67
14,1001.0,1647.24,2080.0,2099.98,-19.98
4,725.0,588.9,1097.95,993.33,104.62
4,448.0,2055.97,1497.46,1527.25,-29.79
7,847.0,1994.62,1851.7,1820.52,31.18
10,1145.0,311.43,1366.61,1288.96,77.65
1,735.0,1676.9,1365.21,1375.01,-9.8
12,734.0,2491.82,1792.31,1784.6,7.71
14,646.0,2418.19,1931.21,1877.76,53.45
12,1088.0,1977.91,1883.21,1952.07,-68.86
10,888.0,298.68,1171.54,1171.34,0.2
3,842.0,865.37,1251.14,1215.39,35.75
6,170.0,476.99,600.23,686.14,-85.91
11,372.0,2048.26,1632.61,1659.5,-26.89
10,174.0,1991.96,1542.4,1588.75,-46.35
3,870.0,413.23,795.8,772.76,23.04
2,616.0,968.93,1163.1,1177.49,-14.39
4,886.0,2401.28,1698.0,1643.15,54.85
10,976.0,2166.02,1775.03,1815.01,-39.98
1,344.46,813.85,707.88,735.73,-27.85
11,913.0,2253.41,1758.56,1822.59,-64.03
5,41.0,2314.68,1500.28,1435.97,64.31
8,630.0,967.69,1388.05,1462.38,-74.33
1,872.0,2420.07,1456.34,1424.05,32.29
5,644.0,2383.17,1785.53,1678.2,107.33
14,191.0,2442.76,1798.47,1787.44,11.03
8,621.0,2391.34,1593.12,1596.61,-3.49
9,194.34,1054.93,1374.9,1397.91,-23.01
3,718.0,1158.02,1416.98,1425.63,-8.65
7,568.0,159.12,738.92,865.98,-127.06
4,6.0,458.7,459.21,453.71,5.5
2,91.0,1073.76,1013.78,1020.71,-6.93
4,317.0,1793.28,1518.93,1486.67,32.26
8,52.0,2353.5,1485.05,1471.18,13.87
14,124.0,1064.64,1761.68,1665.01,96.67
13,511.0,1628.33,1915.79,1896.4,19.39
13,1004.0,1757.75,1960.67,2017.62,-56.95
8,897.0,1536.36,1944.62,1882.67,61.95
5,367.0,290.78,742.25,744.46,-2.21
7,15.0,2436.67,1459.63,1459.85,-0.22
1,1092.0,390.55,589.11,600.79,-11.68
9,332.35,374.61,830.45,843.47,-13.02
5,679.0,476.08,1030.41,971.24,59.17
4,842.0,893.25,1324.64,1332.07,-7.43
5,717.0,1508.97,1722.49,1687.41,35.08
1,257.97,816.81,738.01,707.52,30.49
8,276.28,1179.9,1522.6,1475.0,47.59
1,452.0,275.05,282.89,270.18,12.71
2,274.0,888.24,917.79,916.99,0.8
8,264.94,720.67,1019.85,1013.79,6.06
14,1122.0,1766.25,2239.35,2132.46,106.89
12,781.0,1159.18,1752.72,1862.75,-110.03
2,622.0,1871.56,1494.23,1451.28,42.95
13,1034.0,2477.98,1842.24,1879.25,-37.01
5,781.0,672.91,1125.36,1206.66,-81.3
9,1139.0,1973.31,1759.33,1868.59,-109.26
1,9.0,2246.28,1120.22,1113.16,7.06
6,1006.0,1219.71,1803.97,1825.7,-21.73
8,610.0,208.29,841.27,941.85,-100.58
8,562.0,2479.33,1478.31,1572.8,-94.49
9,397.0,348.49,913.29,880.87,32.42
1,752.0,1632.35,1362.39,1374.55,-12.16
11,456.0,2223.72,1600.1,1668.07,-67.97
3,278.0,994.9,1167.78,1131.81,35.97
5,14.0,78.33,406.7,418.4,-11.7
12,81.0,2485.34,1589.65,1616.46,-26.81
13,996.0,1809.2,1956.89,2003.19,-46.3
10,377.0,301.96,837.36,892.46,-55.1
11,176.0,1050.67,1444.13,1474.88,-30.75
5,873.0,1402.35,1676.79,1714.7,-37.91
7,1185.0,1768.01,2072.18,1953.85,118.33
6,378.0,837.63,1215.96,1188.09,27.87
13,1204.0,24.47,1344.17,1402.86,-58.69
8,15.0,377.85,657.8,612.44,45.36
5,392.0,1264.6,1465.72,1494.2,-28.49
3,1317.07,476.87,787.42,824.13,-36.71
7,205.0,103.31,683.1,674.05,9.05
3,1162.0,2152.66,1434.71,1506.04,-71.33
9,524.0,136.46,848.89,908.67,-59.78
9,938.0,2224.29,1913.87,1770.17,143.7
4,1000.0,2355.34,1699.56,1643.84,55.72
1,123.0,2076.65,1171.68,1164.74,6.94
8,80.0,1092.18,1365.73,1367.99,-2.26
5,103.0,333.22,573.58,529.41,44.17
7,1109.0,2397.29,1917.57,1856.55,61.02
10,816.0,1425.64,1872.81,1873.55,-0.74
6,751.0,2085.98,1757.81,1768.3,-10.49
1,1113.0,1536.0,1403.6,1380.28,23.32
7,381.0,2342.27,1705.24,1651.7,53.54
1,45.0,1070.22,922.69,905.36,17.33
6,373.0,587.38,956.61,929.68,26.93
12,296.0,326.83,981.72,943.58,38.14
1,1105.0,1432.3,1387.17,1364.81,22.36
10,886.0,1990.03,1749.93,1796.17,-46.24
12,1139.0,124.65,1314.3,1321.19,-6.89
10,621.0,978.73,1656.28,1556.16,100.12
3,91.0,1640.15,1338.3,1305.65,32.65
7,1000.0,1620.46,1971.23,1926.3,44.93
14,904.0,2005.96,1970.01,2003.47,-33.46
12,85.0,1056.43,1466.31,1504.36,-38.05
1,992.0,958.87,1222.41,1181.34,41.07
13,756.0,954.4,1793.07,1775.81,17.26
6,1203.0,1900.48,1972.88,1869.17,103.71
3,981.0,341.45,813.95,760.5,53.45
12,10.0,1203.1,1564.9,1563.43,1.47
14,1138.0,518.18,1696.86,1589.08,107.78
9,1064.0,2016.76,1810.94,1829.94,-19.0
1,809.0,1734.56,1447.25,1395.03,52.22
11,955.0,1282.19,2000.42,1963.24,37.18
13,710.0,2223.86,1979.83,1881.53,98.3
5,716.0,1316.6,1686.98,1651.92,35.06
8,204.0,2178.45,1506.38,1513.6,-7.22
8,817.0,1455.73,1847.26,1811.72,35.54
5,778.0,2423.47,1643.96,1700.46,-56.5
8,7.0,2075.6,1422.12,1446.62,-24.5
5,1014.0,1853.57,1749.31,1740.93,8.38
12,353.0,2150.17,1765.67,1718.83,46.84
5,789.0,1853.31,1792.88,1727.24,65.64
4,199.0,1310.01,1400.57,1360.22,40.35
9,696.0,1749.97,1649.49,1681.61,-32.12
4,197.0,1858.84,1416.33,1441.85,-25.52
5,1028.0,653.19,1313.95,1260.07,53.88
5,765.0,480.48,1038.42,1015.99,22.43
9,934.0,415.5,1208.82,1207.24,1.58
6,367.0,1947.68,1606.76,1637.91,-31.15
5,592.0,433.75,869.0,892.22,-23.22
12,342.0,2253.61,1659.5,1700.81,-41.31
2,623.18,347.54,625.15,553.58,71.57
4,10.0,1262.73,1261.41,1245.39,16.02
3,200.0,58.24,494.63,454.39,40.24
9,118.0,1285.82,1539.77,1525.51,14.26
7,803.0,12.75,1146.78,1035.09,111.69
11,1126.0,1593.03,2143.74,2057.85,85.89
14,127.0,988.4,1688.9,1590.05,98.85
13,145.0,2202.42,1716.13,1736.07,-19.94
6,383.0,462.79,800.3,855.42,-55.12
2,730.0,285.24,624.78,594.71,30.07
5,320.0,1584.55,1584.73,1544.37,40.36
1,989.0,2196.84,1439.17,1436.03,3.14
9,1000.0,1901.79,1778.65,1824.39,-45.74
6,384.0,1656.04,1682.33,1625.62,56.7
14,719.0,1973.14,1980.99,1974.4,6.59
11,859.0,146.71,1267.98,1158.5,109.48
5,919.0,470.23,1119.17,1045.91,73.26
7,1176.0,2489.13,1921.16,1856.03,65.13
3,906.3,540.03,848.42,876.74,-28.32
12,59.0,858.62,1377.35,1274.48,102.87
7,577.0,1959.13,1603.6,1687.51,-83.91
14,1153.0,346.58,1292.93,1428.48,-135.55
1,141.0,10.15,195.14,188.67,6.47
11,775.0,1752.23,1809.29,1851.59,-42.3
11,636.0,2238.97,1699.94,1743.54,-43.6
4,198.0,2106.63,1450.67,1442.71,7.96
8,1187.0,1045.91,2047.06,2066.09,-19.03
14,269.0,1349.61,1832.34,1833.4,-1.06
12,218.0,901.03,1371.86,1376.72,-4.86
10,536.0,2194.42,1615.13,1648.2,-33.07
9,368.0,495.12,847.33,892.09,-44.76
8,488.0,439.7,1030.13,939.88,90.25
13,1054.0,1131.25,2162.03,2096.06,65.97
11,815.0,2385.6,1872.44,1787.71,84.73
1,1166.0,1423.69,1412.13,1356.93,55.2
5,324.0,128.94,686.54,674.36,12.18
8,75.0,315.71,593.83,625.27,-31.44
7,789.0,185.73,966.26,1005.37,-39.11
9,633.0,888.17,1384.78,1416.32,-31.54
9,101.0,950.23,1281.64,1274.46,7.18
3,1061.15,388.5,693.36,769.81,-76.45
7,368.0,1231.69,1550.04,1517.15,32.89
2,21.0,20.04,204.58,206.34,-1.76
4,420.0,927.74,1238.04,1188.77,49.27
8,302.24,1046.04,1353.77,1388.53,-34.76
10,683.0,2442.92,1643.68,1679.95,-36.27
7,776.0,2447.82,1826.93,1766.48,60.45
9,238.0,1197.83,1560.78,1512.07,48.71
6,1193.0,2241.5,1839.47,1839.74,-0.27
10,796.0,1352.08,2000.19,1867.06,133.13
10,64.0,455.9,774.64,761.54,13.1
1,214.0,540.03,402.81,359.54,43.27
7,273.0,285.83,793.58,749.45,44.13
8,592.0,1402.98,1561.41,1574.15,-12.74
5,249.0,873.75,1185.24,1123.69,61.55
12,398.0,2481.44,1755.18,1688.06,67.12
5,198.21,594.83,807.48,746.86,60.62
8,303.0,1072.44,1453.25,1412.06,41.19
4,862.0,2335.55,1698.94,1642.16,56.78
4,333.0,1934.76,1467.52,1495.48,-27.96
5,1085.0,2486.43,1664.83,1707.2,-42.37
6,172.0,1977.78,1603.89,1556.82,47.07
5,733.0,41.18,771.83,806.05,-34.22
6,370.0,315.09,946.39,798.47,147.92
4,675.0,381.48,779.68,812.78,-33.1
14,958.0,1727.76,2065.16,2069.6,-4.44
13,618.0,1982.27,2000.39,1896.64,103.75
10,955.0,1182.33,1950.3,1963.42,-13.12
6,930.0,1907.95,1788.75,1821.7,-32.95
8,255.0,1817.19,1510.91,1532.19,-21.28
4,1180.0,1948.55,1565.16,1608.92,-43.76
2,851.68,473.96,650.68,693.55,-42.87
12,988.0,2492.79,1753.84,1825.89,-72.05
7,256.0,2180.53,1548.87,1590.86,-41.99
11,740.0,1171.99,902.09,1790.38,-888.29
7,287.0,2293.5,1558.09,1609.15,-51.06
2,1158.0,2355.92,1528.91,1508.13,20.78
12,229.0,1216.16,1696.65,1670.36,26.29
9,602.0,186.69,1085.4,963.82,121.58
9,849.0,1007.41,1785.47,1795.23,-9.76
6,690.0,1009.37,1559.83,1542.04,17.79
4,69.0,2321.49,322.0,1372.76,-1050.76
8,945.0,766.98,1625.53,1592.74,32.79
5,414.0,967.0,1368.94,1298.2,70.74
11,1179.0,31.36,1550.55,1341.02,209.53
5,1116.0,2460.46,1711.97,1705.3,6.67
2,826.0,2163.39,1523.26,1496.58,26.68
11,1156.0,2231.86,1988.56,1932.8,55.76
8,312.0,2383.17,1557.27,1529.78,27.49
7,194.0,202.49,686.23,670.75,15.48
14,1020.0,510.33,1406.95,1498.69,-91.74
12,882.0,1958.14,1944.88,1898.56,46.32
9,1182.0,1342.24,2164.15,2120.98,43.17
6,628.0,311.47,903.3,921.71,-18.41
12,574.0,2240.9,1785.72,1777.08,8.64
8,435.0,1129.65,1525.26,1470.4,54.86
10,160.0,2272.56,1642.15,1588.46,53.69
9,1063.0,2497.79,1761.94,1766.58,-4.64
4,932.0,1287.34,1513.28,1580.56,-67.28
9,534.0,1929.94,1624.87,1626.08,-1.21
11,610.0,1990.79,1753.56,1758.68,-5.12
2,296.0,1878.7,1354.0,1322.12,31.88
1,389.0,1964.96,1228.94,1224.6,4.34
1,993.0,1143.58,1328.85,1293.61,35.24
13,534.0,1765.96,1881.36,1896.53,-15.17
1,43.0,2149.22,1134.47,1135.07,-0.6
11,685.0,2272.75,1873.94,1764.08,109.86
9,497.0,1845.08,1674.09,1616.9,57.19
1,303.0,931.53,857.42,857.68,-0.26
10,396.0,2068.65,1556.68,1617.95,-61.27
9,444.0,725.31,1062.52,1095.19,-32.67
1,264.39,758.27,636.19,649.59,-13.4
9,310.69,239.64,828.16,816.12,12.04
9,191.0,789.52,1058.5,1095.51,-37.01
8,1118.0,1758.52,1852.47,1905.3,-52.83
3,859.12,611.07,960.47,954.56,5.91
11,265.0,218.66,949.34,864.6,84.74
11,1149.0,270.81,1284.51,1307.9,-23.39
3,121.0,21.17,464.07,391.64,72.43
4,238.0,1707.28,1483.48,1451.18,32.3
11,498.0,1578.39,1793.52,1756.66,36.86
13,32.0,232.43,805.12,798.29,6.83
5,1077.0,2234.35,1665.23,1718.32,-53.09
13,694.0,1054.31,1815.02,1799.96,15.06
3,1096.0,200.27,802.96,754.68,48.28
9,686.0,145.66,972.95,1001.74,-28.79
1,1035.0,1289.84,1317.33,1333.35,-16.02
10,625.0,519.94,1229.41,1128.58,100.83
5,966.0,359.51,927.98,981.59,-53.61
1,1058.0,1601.04,1465.9,1392.13,73.77
4,72.0,1367.29,1302.97,1317.85,-14.88
1,797.0,126.8,543.18,516.64,26.54
4,159.0,568.58,647.0,622.47,24.53
13,632.0,268.91,1396.28,1176.62,219.66
1,601.0,497.7,644.12,560.08,84.04
3,1025.03,592.55,992.4,947.31,45.09
2,785.0,1964.63,1522.76,1493.92,28.84
5,387.0,1882.35,1588.8,1586.21,2.59
3,117.0,21.99,359.1,389.77,-30.67
1,815.0,97.89,539.36,526.2,13.16
1,759.0,330.29,500.92,502.35,-1.43
4,627.0,956.98,1337.63,1320.88,16.75
10,223.0,886.32,1305.54,1269.23,36.31
7,1010.0,1514.03,2063.98,1944.74,119.24
9,482.0,1348.44,1633.26,1583.23,50.03
2,897.0,2382.39,1437.95,1491.02,-53.07
11,332.0,1352.48,1663.39,1680.98,-17.59
2,521.0,467.19,667.85,546.28,121.57
6,475.0,1800.71,1671.23,1659.12,12.11
8,1166.0,99.47,1149.07,1170.13,-21.06
14,1020.0,1201.75,2337.73,2117.69,220.04
5,233.0,1862.04,1562.23,1532.07,30.16
1,673.0,2026.16,1372.83,1364.39,8.44
8,867.0,2373.39,1747.22,1712.0,35.22
7,250.0,364.79,718.71,735.02,-16.31
1,451.0,555.49,162.18,501.04,-338.86
8,862.0,1817.85,1719.37,1780.55,-61.18
7,1054.0,576.47,1344.18,1365.82,-21.64
12,482.0,1710.47,1746.74,1814.31,-67.57
4,810.0,1852.31,1575.87,1627.99,-52.12
11,1106.0,2250.54,2050.62,1901.53,149.09
9,259.96,554.74,835.54,872.32,-36.78
10,773.0,865.92,1837.11,1599.95,237.16
9,963.0,588.5,1434.42,1395.19,39.23
9,460.0,2424.47,1624.68,1596.88,27.8
12,495.0,1948.13,1831.92,1787.99,43.93
2,252.0,1545.94,1300.19,1275.3,24.89
6,45.0,81.59,522.58,496.62,25.96
1,263.0,396.49,198.42,237.39,-38.97
7,172.0,1486.86,1557.94,1537.79,20.15
11,684.0,672.51,1487.93,1356.3,131.63
14,595.0,1818.77,1889.9,1957.06,-67.16
9,1097.0,2330.2,1728.07,1798.57,-70.5
4,463.0,1963.41,1607.34,1533.25,74.09
11,605.0,1880.69,1711.55,1772.62,-61.07
6,1148.0,1525.81,1776.48,1860.98,-84.5
7,951.0,584.4,1253.76,1322.78,-69.02
9,708.0,461.07,1110.6,1110.97,-0.37
4,1047.0,1657.68,1605.84,1615.06,-9.22
6,248.0,395.4,710.15,710.69,-0.54
10,793.0,1422.29,2007.62,1858.46,149.16
2,68.0,756.61,648.53,632.43,16.1
5,905.0,2317.31,1691.38,1722.09,-30.71
3,981.0,2008.83,1539.47,1535.6,3.87
14,1184.0,2269.89,1943.24,2016.21,-72.97
5,831.0,432.8,901.36,996.94,-95.58
2,753.0,1111.16,1353.87,1328.86,25.01
5,741.0,429.24,951.92,969.2,-17.28
2,1029.0,1702.6,1577.55,1511.28,66.27
5,1126.0,664.9,1336.74,1296.08,40.66
11,1116.0,2067.8,1987.44,1937.33,50.11
8,207.0,1146.93,1479.01,1445.8,33.21
7,309.0,1021.75,1309.85,1363.67,-53.82
12,508.0,1970.54,1770.91,1789.23,-18.32
1,47.0,17.97,128.91,129.37,-0.46
4,764.0,1417.94,1682.1,1600.56,81.54
7,948.0,657.17,1578.97,1413.2,165.77
11,437.0,1053.24,1630.47,1556.51,73.96
1,791.0,1927.75,1419.88,1402.13,17.75
4,1124.0,2177.18,1567.43,1622.54,-55.11
6,323.0,1477.23,1608.55,1581.19,27.36
8,792.0,2437.24,1556.7,1658.3,-101.6
8,403.0,654.97,895.14,991.66,-96.52
4,362.0,646.43,788.53,823.33,-34.8
5,728.0,423.16,947.72,959.96,-12.24
1,1122.0,861.5,1081.05,1083.32,-2.27
1,58.0,5.86,117.24,129.25,-12.01
5,948.0,898.6,1499.68,1497.09,2.59
8,77.0,1930.98,1485.69,1488.92,-3.23
9,954.0,1483.39,2024.2,1921.01,103.19
3,992.0,1897.41,1539.0,1539.19,-0.19
3,771.0,725.67,1166.93,1064.03,102.9
13,889.0,232.72,1394.38,1287.2,107.18
1,606.0,923.0,1050.05,1026.99,23.06
9,576.0,1059.79,1547.5,1520.38,27.12
3,327.0,2141.92,1438.41,1421.84,16.58
7,709.0,320.8,1116.62,1012.57,104.05
6,1043.0,1404.35,1807.42,1853.23,-45.81
12,601.0,2166.56,1918.46,1800.94,117.52
9,1096.0,1690.22,1894.85,1935.75,-40.9
11,322.0,1251.3,1732.46,1649.71,82.75
4,380.0,446.66,764.24,713.23,51.01
8,221.0,936.98,1287.0,1262.0,25.0
4,103.0,1790.07,1394.55,1389.2,5.35
1,388.0,390.7,332.06,288.89,43.17
6,72.85,457.75,666.59,619.0,47.59
3,213.0,1724.85,1344.71,1363.84,-19.13
1,211.0,958.08,891.9,856.4,35.5
5,685.0,747.14,1216.36,1225.67,-9.31
3,1020.39,250.62,779.08,752.25,26.83
12,947.0,193.05,1225.63,1246.34,-20.71
4,672.0,1603.52,1612.43,1599.42,13.01
2,719.0,591.44,755.3,777.41,-22.11
10,909.0,696.0,1505.19,1514.33,-9.14
1,754.0,1220.47,1346.14,1293.18,52.96
1,1060.0,501.67,658.14,677.01,-18.87
11,293.0,1410.0,1673.7,1683.29,-9.59
5,230.0,333.69,538.36,620.14,-81.78
14,487.0,579.29,1516.68,1325.86,190.82
11,958.0,1999.13,1900.18,1861.36,38.82
4,1100.0,370.61,860.32,872.23,-11.91
2,782.17,830.72,1165.44,1098.85,66.59
2,634.0,1739.81,1490.51,1451.21,39.3
5,477.0,655.24,935.38,994.54,-59.16
14,113.0,1091.13,1703.02,1682.27,20.75
3,892.0,171.32,875.39,748.26,127.13
6,1198.0,222.6,1107.96,1079.66,28.3
2,636.0,1438.19,1435.96,1411.08,24.88
12,452.0,816.56,1243.1,1333.52,-90.42
8,892.0,1768.53,1902.37,1820.99,81.38
13,564.0,2245.56,1745.09,1824.66,-79.57
3,779.0,2110.9,1520.73,1531.81,-11.08
14,999.0,619.42,1510.57,1616.75,-106.18
12,1074.0,2407.71,1843.97,1869.53,-25.56
3,266.0,2178.16,1447.95,1401.3,46.65
4,286.0,1063.49,418.17,1231.04,-812.87
3,133.0,1728.5,1373.4,1332.24,41.16
10,5.0,1094.06,1361.08,1393.89,-32.81
6,659.0,322.1,972.58,945.5,27.08
8,626.0,545.84,1142.89,1073.35,69.54
7,748.0,241.73,971.31,1004.02,-32.71
5,908.0,716.7,1375.88,1300.11,75.77
6,855.0,591.35,1339.72,1244.32,95.4
4,18.0,289.06,380.88,397.57,-16.69
4,425.0,1286.54,1449.26,1440.8,8.46
3,874.0,1191.4,1515.99,1461.58,54.41
1,140.0,22.71,199.68,193.91,5.77
13,11.0,1114.96,1555.48,1561.4,-5.92
3,665.0,2418.16,1490.96,1498.19,-7.23
5,569.0,1856.7,1623.81,1645.67,-21.86
12,211.0,749.56,1285.23,1189.5,95.73
5,1050.0,882.86,1430.04,1493.78,-63.74
5,173.0,1337.9,1443.96,1434.84,9.12
4,166.0,791.52,866.18,876.68,-10.5
2,1038.0,685.07,962.14,961.46,0.68
11,36.0,1541.47,1593.24,1614.91,-21.67
11,920.0,1338.65,1871.27,1934.81,-63.54
9,97.85,518.56,850.57,786.2,64.37
11,667.0,2221.67,1872.89,1760.83,112.06
8,1185.0,554.98,1545.67,1475.08,70.59
10,175.0,1443.25,1635.5,1614.33,21.17
8,16.0,259.02,543.56,562.8,-19.24
11,1095.0,1071.83,2159.33,2074.16,85.17
4,1075.0,586.17,1023.65,1047.75,-24.1
13,922.0,1510.22,1967.87,2017.7,-49.83
13,837.0,1218.93,1921.68,1941.51,-19.83
6,436.0,914.53,1389.11,1301.73,87.38
11,886.0,922.66,1852.24,1788.97,63.27
1,85.0,89.83,175.53,159.01,16.52
8,936.0,556.28,1277.26,1311.2,-33.94
4,422.0,2049.71,1491.9,1520.05,-28.15
13,858.0,2258.01,1889.71,1897.17,-7.46
5,210.0,710.49,483.34,873.58,-390.24
6,344.0,233.31,800.18,765.42,34.76
9,989.0,378.12,1193.72,1215.38,-21.66
7,868.0,625.09,1403.48,1332.86,70.62
3,429.0,2400.13,1411.95,1444.3,-32.35
5,716.0,1111.23,1492.08,1574.3,-82.22
12,958.0,2499.84,1791.69,1817.97,-26.28
3,186.0,1068.31,1152.04,1151.3,0.74
6,806.0,1760.64,1718.76,1791.75,-72.99
6,135.34,1144.13,1478.11,1383.51,94.6
10,5.0,836.86,1116.56,1129.86,-13.3
7,624.0,148.16,905.79,897.41,8.38
3,1013.0,166.52,711.07,752.15,-41.08
9,1079.0,1981.94,1763.16,1842.34,-79.18
1,532.0,413.99,355.57,391.15,-35.58
3,334.0,2449.89,1472.53,1426.14,46.39
10,895.0,937.46,1714.8,1796.05,-81.25
2,18.0,2503.46,1206.95,1207.07,-0.12
9,885.0,1764.97,1694.37,1787.49,-93.12
12,49.0,1118.38,1494.81,1540.5,-45.69
8,466.0,2064.63,1558.12,1571.73,-13.61
12,1007.0,1353.77,1925.32,2023.14,-97.82
11,226.0,2013.45,1590.82,1631.03,-40.21
2,147.0,17.43,325.56,317.92,7.64
3,224.0,358.77,406.36,448.97,-42.61
2,267.0,2116.93,1349.04,1322.46,26.58
8,544.0,1279.51,1483.77,1537.15,-53.38
3,93.0,1.42,364.51,364.67,-0.16
2,983.0,2109.93,1519.98,1516.28,3.7
11,527.0,1550.32,1806.06,1773.78,32.28
2,165.0,1813.32,1273.45,1274.02,-0.58
8,34.0,1225.2,1438.52,1427.27,11.25
10,714.0,269.06,1067.81,1075.76,-7.95
3,864.0,2338.52,1513.04,1525.86,-12.82
9,14.0,1057.38,1372.31,1336.66,35.65
12,18.0,2461.37,1556.78,1592.24,-35.46
6,372.0,2494.69,1742.34,1647.97,94.37
3,399.0,141.39,546.04,553.35,-7.31
2,547.0,119.09,509.52,530.11,-20.59
7,753.0,358.13,1084.79,1048.17,36.62
1,388.1,827.37,741.46,769.51,-28.05
14,481.0,939.99,877.17,1583.39,-706.22
2,456.0,2390.7,1342.39,1367.74,-25.35
7,300.0,2417.85,1634.04,1616.05,17.99
8,1025.0,1031.33,2214.64,2014.01,200.63
