case_id,trip_duration_days,miles_traveled,total_receipts_amount,expected_output,predicted_output,absolute_error,has_49_99_cents,has_psychological_pricing,has_round_dollar,has_9_ending
1,3,93.0,1.42,364.51,367.83832,3.328317871093759,0,0,0,0
2,1,55.0,3.6,126.06,129.02092,2.9609197998046852,0,0,0,0
3,1,47.0,17.97,128.91,127.63947,1.2705270385742153,0,1,0,0
4,2,13.0,4.67,203.52,209.80678,6.286777954101552,0,0,0,0
5,3,88.0,5.78,380.37,366.8932,13.476811523437505,0,0,0,0
6,1,76.0,13.74,158.35,147.99661,10.35338745117187,0,0,0,0
7,3,41.0,4.52,320.12,328.64658,8.52657592773437,0,0,0,0
8,1,140.0,22.71,199.68,195.01326,4.666740112304694,0,0,0,0
9,3,121.0,21.17,464.07,403.75665,60.31334716796874,0,0,0,0
10,3,117.0,21.99,359.1,366.404,7.303991699218727,1,1,0,1
11,2,202.0,21.24,356.17,357.17014,1.000135498046859,0,0,0,0
12,3,80.0,21.05,366.87,367.67548,0.8054760742187455,0,0,0,0
13,2,21.0,20.04,204.58,215.07599,10.495988769531237,0,0,0,0
14,3,177.0,18.73,430.86,430.29657,0.5634301757812636,0,0,0,0
15,1,141.0,10.15,195.14,191.54979,3.590210571289049,0,0,0,0
16,1,58.0,5.86,117.24,131.6068,14.366796264648443,0,0,0,0
17,1,133.0,8.34,179.06,185.8548,6.794797363281248,0,0,0,0
18,1,59.0,8.31,120.65,133.61845,12.968453979492182,0,0,0,0
19,2,89.0,13.85,234.2,271.81503,37.615032958984386,0,0,0,0
20,2,147.0,17.43,325.56,321.65414,3.9058557128906273,0,0,0,0
21,5,130.0,306.9,574.1,543.7524,30.347619628906273,0,0,0,0
22,5,173.0,1337.9,1443.96,1459.7603,15.800253906249964,0,0,0,0
23,5,592.0,433.75,869.0,894.34924,25.3492431640625,0,0,0,0
24,5,679.0,476.08,1030.41,972.81384,57.59615722656258,0,0,0,0
25,5,708.0,1129.52,1654.62,1597.7056,56.91443359374989,0,0,0,0
26,5,261.0,464.94,621.12,707.22424,86.1042431640625,0,0,0,0
27,5,794.0,511.0,1139.94,1054.7404,85.19964355468755,0,0,1,0
28,5,521.0,1448.55,1624.01,1615.1531,8.856923828124991,0,0,0,0
29,5,595.0,863.93,1231.67,1285.0568,53.38676269531243,0,0,0,0
30,5,811.0,952.39,1608.6,1519.6317,88.96828613281241,0,0,0,1
31,5,477.0,704.42,1045.96,1030.5336,15.426430664062536,0,0,0,0
32,5,730.0,485.73,991.49,1006.45544,14.965444335937491,0,0,0,0
33,5,262.0,1173.79,1485.59,1430.9158,54.67422851562492,0,1,0,1
34,5,446.0,219.98,788.62,759.0603,29.559697265625005,0,1,0,0
35,5,751.0,407.43,1063.46,955.9013,107.55869384765629,0,0,0,0
36,5,324.0,128.94,686.54,683.1221,3.4179296874999636,0,0,0,0
37,5,414.0,967.0,1368.94,1320.7853,48.154721679687555,0,0,1,0
38,5,367.0,290.78,742.25,744.83777,2.5877685546875,0,0,0,0
39,5,764.0,848.75,1468.46,1388.3087,80.15128417968754,0,0,0,0
40,5,249.0,873.75,1185.24,1133.9403,51.29969238281251,0,0,0,0
41,8,862.0,1817.85,1719.37,1765.4885,46.11852539062511,0,0,0,0
42,11,927.0,1994.33,1779.12,1854.4408,75.32079589843761,0,0,0,0
43,9,602.0,186.69,1085.4,958.68616,126.71384277343759,0,0,0,1
44,8,610.0,208.29,841.27,926.8249,85.55489013671877,0,0,0,1
45,12,333.0,1103.21,1618.13,1652.5978,34.46777832031239,0,0,0,0
46,8,435.0,1129.65,1525.26,1493.4763,31.78368164062499,0,0,0,0
47,9,218.0,1203.45,1561.63,1524.6296,37.00036132812511,0,0,0,0
48,12,781.0,1159.18,1752.72,1881.1497,128.42965820312497,0,0,0,0
49,11,916.0,1036.91,2098.07,1923.806,174.26396972656266,0,0,0,0
50,10,358.0,2066.62,1624.11,1613.4985,10.6114648437499,0,0,0,0
51,12,566.0,2013.7,1752.03,1802.8014,50.77139160156253,0,0,0,0
52,9,954.0,1483.39,2024.2,1912.6375,111.56254882812505,0,0,0,1
53,9,534.0,1929.94,1624.87,1632.6611,7.791132812500109,0,0,0,0
54,12,765.0,1343.97,1953.03,1912.9955,40.03451660156247,0,1,0,0
55,8,630.0,967.69,1388.05,1477.3934,89.34343261718755,0,0,0,1
56,10,909.0,696.0,1505.19,1544.2552,39.065249023437445,0,0,1,0
57,10,223.0,745.89,1037.45,1084.0767,46.626660156249955,0,1,0,1
58,8,467.0,1178.71,1483.33,1522.1168,38.78682128906257,0,0,0,0
59,9,708.0,461.07,1110.6,1130.6746,20.07456054687509,0,0,0,0
60,9,885.0,1764.97,1694.37,1784.6482,90.27819335937511,0,1,0,0
61,6,855.0,591.35,1339.72,1246.9631,92.75686523437503,0,0,0,0
62,2,993.0,54.24,715.19,675.688,39.502011718750055,0,0,0,0
63,5,685.0,747.14,1216.36,1225.5311,9.1711279296876,0,0,0,0
64,3,981.0,341.45,813.95,763.01984,50.930163574218795,0,0,0,0
65,5,770.0,873.33,1502.49,1418.0448,84.44520019531251,0,0,0,0
66,6,697.0,651.64,1237.71,1212.9414,24.768593750000036,0,0,0,0
67,3,795.0,450.85,743.94,782.02997,38.089968261718695,0,0,0,0
68,3,606.0,1184.23,1364.54,1425.3613,60.821328125000036,0,0,0,0
69,3,842.0,865.37,1251.14,1245.5812,5.5588232421876,0,0,0,0
70,7,748.0,241.73,971.31,1010.35736,39.047360839843805,0,0,0,0
71,7,624.0,148.16,905.79,920.52484,14.734841308593786,0,0,0,0
72,2,713.0,740.33,1048.28,971.9904,76.28958251953122,0,0,0,0
73,3,874.0,1191.4,1515.99,1493.3085,22.68152832031251,0,0,0,0
74,6,761.0,530.19,1120.1,1136.2975,16.19748535156259,0,0,0,1
75,1,815.0,97.89,539.36,519.48694,19.873061523437514,0,1,0,1
76,1,601.0,497.7,644.12,593.5009,50.619084472656255,0,0,0,0
77,7,817.0,1127.87,1809.91,1837.2144,27.304355468749918,0,0,0,0
78,1,606.0,923.0,1050.05,1035.6252,14.424755859374955,0,0,1,0
79,1,909.0,741.82,866.07,895.51294,29.44293945312495,0,0,0,0
80,3,624.0,1160.92,1459.34,1424.9365,34.40347656249992,0,0,0,0
81,4,650.0,619.49,676.38,650.3324,26.047602539062495,1,1,0,1
82,6,204.0,818.99,628.4,538.37115,90.02884521484373,1,1,0,1
83,1,263.0,396.49,198.42,186.85979,11.5602130126953,1,1,0,1
84,1,451.0,555.49,162.18,170.84435,8.66434509277343,1,1,0,1
85,10,424.0,474.99,831.96,885.9933,54.033286132812464,1,1,0,1
86,2,565.0,389.49,415.96,428.3649,12.404898681640645,1,1,0,1
87,9,397.0,348.49,913.29,849.14386,64.14614013671871,1,1,0,1
88,1,532.0,413.99,355.57,326.96875,28.601249999999993,1,1,0,1
89,2,384.0,495.49,290.36,323.60962,33.249619140624986,1,1,0,1
90,5,754.0,489.99,765.13,854.424,89.29401123046875,1,1,0,1
91,1,344.46,813.85,707.88,737.661,29.781010742187505,0,0,0,0
92,3,906.3,540.03,848.42,883.5862,35.16618164062504,0,0,0,0
93,3,1007.56,187.52,764.64,749.8417,14.798325195312486,0,0,0,0
94,1,359.62,221.15,255.57,276.3358,20.765784912109382,0,0,0,0
95,1,362.79,749.19,636.51,665.95264,29.44263671875001,0,0,0,1
96,1,288.72,159.26,303.94,250.82928,53.11071533203125,0,0,0,0
97,2,782.17,830.72,1165.44,1112.1707,53.269345703125055,0,0,0,0
98,2,623.18,347.54,625.15,597.1015,28.048498535156227,0,0,0,0
99,3,1061.15,388.5,693.36,771.3078,77.94780029296874,0,0,0,0
100,1,252.75,285.5,331.74,242.07152,89.66848205566407,0,0,0,0
101,3,1020.39,250.62,779.08,748.84015,30.23985107421879,0,0,0,0
102,1,257.97,816.81,738.01,708.72845,29.28154541015624,0,0,0,0
103,3,1025.03,592.55,992.4,949.6559,42.74411621093748,0,0,0,0
104,2,794.32,402.31,671.06,666.4623,4.597719726562445,0,0,0,0
105,1,276.85,485.54,361.66,379.35355,17.6935461425781,0,0,0,0
106,2,851.68,473.96,650.68,714.78015,64.10015136718755,0,0,0,0
107,3,859.12,611.07,960.47,958.0915,2.3785083007812773,0,0,0,0
108,3,1317.07,476.87,787.42,838.34424,50.92423828125004,0,0,0,0
109,1,388.1,827.37,741.46,768.03503,26.575034179687464,0,0,0,0
110,1,264.39,758.27,636.19,637.34375,1.1537499999999454,0,0,0,0
111,5,198.21,594.83,807.48,781.095,26.385029296875018,0,0,0,0
112,6,72.85,457.75,666.59,647.8308,18.759189453125032,0,0,0,0
113,8,297.64,481.09,835.08,818.0736,17.00639160156254,0,0,0,1
114,7,237.33,1262.27,1452.17,1516.1614,63.99137695312493,0,0,0,0
115,5,195.73,1228.49,511.23,463.71085,47.51915405273439,1,1,0,1
116,8,276.28,1179.9,1522.6,1489.446,33.15395507812491,0,0,0,0
117,8,302.24,1046.04,1353.77,1392.9554,39.18544433593752,0,0,0,0
118,8,266.87,252.08,880.41,757.28046,123.12954345703122,0,0,0,0
119,9,310.69,239.64,828.16,818.3112,9.848781738281218,0,0,0,0
120,6,222.08,709.07,1031.34,966.97095,64.36905273437492,0,0,0,0
121,8,264.94,720.67,1019.85,1005.24023,14.609765625000023,0,0,0,0
122,8,161.15,1230.37,1499.24,1480.821,18.41895507812501,0,0,0,0
123,9,259.96,554.74,835.54,883.7224,48.182412109375036,0,0,0,0
124,9,97.85,518.56,850.57,795.94293,54.6270678710938,0,0,0,0
125,9,194.34,1054.93,1374.9,1405.8817,30.98171386718741,0,0,0,0
126,9,332.35,374.61,830.45,841.0118,10.561779785156205,0,0,0,0
127,5,126.44,696.14,845.35,843.14166,2.2083374023437727,0,0,0,0
128,5,66.13,848.03,1050.25,990.59576,59.65423583984375,0,0,0,0
129,6,135.34,1144.13,1478.11,1424.8198,53.2901757812499,0,0,0,0
130,6,233.7,346.98,648.57,690.0659,41.49591796874995,0,1,0,0
131,9,849.0,1007.41,1785.47,1813.9385,28.468476562499973,0,0,0,0
132,6,806.0,1760.64,1718.76,1799.9231,81.16309570312501,0,0,0,0
133,8,891.0,1194.36,2016.46,1941.3108,75.14920898437504,0,0,0,0
134,9,1182.0,1342.24,2164.15,2119.269,44.88095703125009,0,0,0,0
135,7,1010.0,1514.03,2063.98,1990.5284,73.45155761718752,0,0,0,0
136,8,892.0,1768.53,1902.37,1798.6804,103.68958007812489,0,0,0,0
137,6,825.0,1692.73,1817.77,1806.8496,10.920390624999982,0,0,0,0
138,8,1118.0,1758.52,1852.47,1888.698,36.22799804687497,0,0,0,0
139,8,1064.0,1756.52,1857.04,1874.3975,17.357460937500036,0,0,0,0
140,6,811.0,1252.04,1771.8,1760.4912,11.308789062499955,0,0,0,0
141,7,889.0,1417.96,1826.08,1911.8003,85.72029296875007,0,0,0,0
142,9,1012.0,1429.04,1880.76,1983.8246,103.06458496093751,0,0,0,0
143,6,909.0,1332.18,1720.21,1821.7119,101.50191406249996,0,0,0,0
144,9,1096.0,1690.22,1894.85,1930.0957,35.24570312500009,0,0,0,0
145,9,913.0,1021.29,1964.86,1904.9155,59.9444726562499,0,0,0,1
146,6,1006.0,1219.71,1803.97,1831.2834,27.313447265624973,0,0,0,0
147,6,907.0,1650.17,1737.86,1833.685,95.8250585937501,0,0,0,0
148,9,816.0,1171.81,1780.58,1841.7461,61.16609375000007,0,0,0,0
149,7,1006.0,1181.33,2279.82,2072.9424,206.87761718750016,0,0,0,0
150,6,835.0,1404.28,1765.79,1800.748,34.958046875000036,0,0,0,0
151,12,528.0,2476.41,1662.88,1722.4915,59.61145507812489,0,0,0,0
152,4,69.0,2321.49,322.0,322.38126,0.381256103515625,1,1,0,1
153,11,1179.0,31.36,1550.55,1346.9335,203.61652832031245,0,0,0,0
154,13,756.0,954.4,1793.07,1793.4396,0.36957519531256366,0,0,0,0
155,1,123.0,2076.65,1171.68,1170.4934,1.1865917968750637,0,0,0,0
156,3,1162.0,2152.66,1434.71,1498.1545,63.444541015624964,0,0,0,0
157,1,822.0,2170.53,1374.91,1429.515,54.60501464843742,0,0,0,0
158,11,558.0,1549.86,1823.47,1786.6163,36.85366699218753,0,0,0,0
159,2,753.0,1111.16,1353.87,1361.3812,7.511225585937609,0,0,0,0
160,10,224.0,407.51,794.7,806.6872,11.987194824218705,0,0,0,0
161,6,383.0,462.79,800.3,858.2862,57.986193847656295,0,1,0,1
162,8,1005.0,1391.37,1987.39,1981.1041,6.2858740234376,0,0,0,0
163,10,1145.0,311.43,1366.61,1286.6403,79.9697412109374,0,0,0,0
164,5,1004.0,2367.63,1743.85,1720.9949,22.85512695312491,0,0,0,0
165,5,873.0,1402.35,1676.79,1720.3196,43.529580078125036,0,0,0,0
166,2,165.0,1813.32,1273.45,1281.8368,8.386791992187455,0,0,0,0
167,5,1076.0,190.33,879.65,959.2582,79.60817871093752,0,0,0,0
168,12,986.0,2390.92,1760.0,1842.0233,82.0233154296875,0,0,0,0
169,7,948.0,657.17,1578.97,1442.5514,136.41860839843753,0,0,0,0
170,3,429.0,2400.13,1411.95,1436.7004,24.750439453124955,0,0,0,0
171,4,362.0,646.43,788.53,839.82367,51.29366943359378,0,0,0,0
172,2,622.0,1871.56,1494.23,1468.0894,26.140644531250018,0,0,0,0
173,1,140.0,255.99,150.34,140.74918,9.590823974609378,1,1,0,1
174,8,123.0,612.55,851.24,854.5126,3.272573242187491,0,0,0,0
175,4,87.0,2463.92,1413.52,1412.7344,0.7856249999999818,0,0,0,0
176,10,164.0,1144.9,1516.43,1520.9565,4.526542968749936,0,0,0,0
177,1,989.0,2196.84,1439.17,1455.3307,16.160688476562427,0,0,0,0
178,4,470.0,1968.63,1501.1,1543.4952,42.39523925781259,0,0,0,0
179,1,37.0,1397.17,1092.94,1067.7515,25.188535156250055,0,0,0,0
180,8,488.0,439.7,1030.13,940.0009,90.12908447265636,0,0,0,0
181,12,757.0,897.4,1780.07,1712.1915,67.87847167968744,0,0,0,0
182,14,958.0,1727.76,2065.16,2069.4382,4.2782324218751455,0,0,0,0
183,2,456.0,2390.7,1342.39,1357.2441,14.8541406249999,0,0,0,0
184,5,733.0,41.18,771.83,845.62994,73.79994384765621,0,0,0,0
185,5,291.0,1279.7,1477.12,1482.505,5.385004882812609,0,0,0,0
186,10,478.0,2091.79,1568.41,1633.513,65.10293945312492,0,1,0,1
187,8,817.0,1455.73,1847.26,1819.1296,28.13036132812499,0,0,0,0
188,6,1043.0,1404.35,1807.42,1854.2504,46.83036621093743,0,0,0,0
189,2,958.0,1855.58,1549.54,1534.6521,14.887900390624964,0,0,0,0
190,9,524.0,474.75,935.4,1007.1776,71.77761230468752,0,0,0,0
191,6,45.0,81.59,522.58,497.77917,24.80082519531254,0,0,0,1
192,8,342.0,2259.06,1502.02,1531.2245,29.204487304687518,0,0,0,0
193,12,379.0,1897.29,1682.98,1752.4353,69.45530273437498,0,0,0,1
194,6,333.0,1254.68,1585.02,1547.0132,38.00681640624998,0,0,0,0
195,2,634.0,1739.81,1490.51,1469.1487,21.36131835937499,0,0,0,0
196,5,285.0,974.73,1282.84,1270.2151,12.624912109374918,0,0,0,0
197,12,33.0,1249.13,1707.38,1619.1454,88.23461425781261,0,0,0,0
198,9,118.0,1285.82,1539.77,1538.877,0.8930468749999818,0,0,0,0
199,1,420.0,2273.6,1220.35,1231.766,11.415991210937591,0,0,0,0
200,11,312.0,2072.39,1586.22,1642.562,56.34201171874997,0,0,0,1
201,10,753.0,2054.02,1779.08,1752.5298,26.550214843749927,0,0,0,0
202,5,125.0,96.38,570.99,543.56445,27.42554687500001,0,0,0,0
203,6,597.0,888.84,1395.65,1364.8334,30.81662597656259,0,0,0,0
204,12,1065.0,203.2,1408.25,1306.3927,101.8572998046875,0,0,0,0
205,1,214.0,540.03,402.81,407.5201,4.710111083984373,0,0,0,0
206,11,886.0,922.66,1852.24,1819.134,33.10596679687501,0,0,0,0
207,10,621.0,978.73,1656.28,1575.623,80.65695312499997,0,0,0,0
208,4,1000.0,2355.34,1699.56,1643.7006,55.859438476562445,0,0,0,0
209,13,534.0,1765.96,1881.36,1897.9618,16.6017919921876,0,0,0,0
210,6,475.0,1800.71,1671.23,1686.3383,15.108256835937482,0,0,0,0
211,11,623.0,2265.21,1739.18,1734.6478,4.532172851562564,0,0,0,0
212,1,620.0,973.91,1112.02,1102.3258,9.694194335937482,0,0,0,0
213,13,1004.0,1757.75,1960.67,2018.9752,58.30521972656243,0,0,0,0
214,8,962.0,1929.63,1897.19,1806.1703,91.01971191406255,0,0,0,0
215,14,516.0,1464.67,1842.1,1945.5326,103.43259277343759,0,0,0,0
216,11,685.0,2272.75,1873.94,1763.6266,110.31341308593755,0,0,0,0
217,3,307.0,266.21,540.97,510.65973,30.310270996093777,0,0,0,0
218,3,375.0,1346.21,1339.93,1371.8307,31.900688476562436,0,0,0,0
219,4,1124.0,2177.18,1567.43,1630.5231,63.093071289062436,0,0,0,0
220,3,779.0,2110.9,1520.73,1532.166,11.436015624999982,0,0,0,0
221,8,1173.0,671.25,1419.34,1593.0308,173.69076171875008,0,0,0,0
222,14,47.0,1667.14,1745.18,1797.3287,52.148735351562436,0,0,0,0
223,3,981.0,2008.83,1539.47,1531.7745,7.695463867187527,0,0,0,0
224,5,516.0,1450.67,1547.5,1613.3689,65.868896484375,0,0,0,0
225,6,471.0,332.51,872.19,855.6096,16.580380859375055,0,0,0,0
226,2,941.0,1565.77,1432.79,1516.3301,83.54007812500004,0,0,0,0
227,10,377.0,301.96,837.36,896.0804,58.720383300781236,0,0,0,0
228,7,273.0,285.83,793.58,759.89655,33.68345458984379,0,0,0,0
229,1,458.0,834.7,737.28,805.1826,67.90261718750003,0,0,0,0
230,11,772.0,932.31,1575.52,1720.001,144.48097656250002,0,0,0,0
231,11,36.0,1541.47,1593.24,1609.0687,15.828725585937491,0,0,0,0
232,12,211.0,1048.29,1579.73,1555.3281,24.401875000000018,0,0,0,1
233,7,987.0,2164.1,1839.67,1885.5986,45.92863281249993,0,0,0,0
234,9,662.0,2275.59,1599.27,1653.7921,54.52211425781252,0,0,0,1
235,12,96.0,1164.37,1553.21,1613.3462,60.136191406249964,0,0,0,0
236,5,569.0,1856.7,1623.81,1662.9988,39.188779296875055,0,0,0,0
237,12,128.0,477.17,874.99,898.5467,23.55669189453124,0,0,0,0
238,4,886.0,2401.28,1698.0,1642.3335,55.66650390625,0,0,0,0
239,13,19.0,807.27,1331.53,1234.4159,97.11410644531247,0,0,0,0
240,8,275.0,2347.09,1454.47,1513.5251,59.05514648437497,0,0,0,1
241,9,963.0,588.5,1434.42,1406.0763,28.343706054687573,0,0,0,0
242,14,1056.0,2489.69,1894.16,1924.903,30.742954101562418,0,0,0,1
243,5,728.0,423.16,947.72,958.30334,10.583344726562473,0,0,0,0
244,4,286.0,1063.49,418.17,431.59998,13.429975585937484,1,1,0,1
245,11,332.0,1352.48,1663.39,1691.0105,27.6204980468749,0,0,0,0
246,12,49.0,1118.38,1494.81,1544.4128,49.602841796875055,0,0,0,0
247,2,18.0,2503.46,1206.95,1213.5406,6.5906494140624545,0,0,0,0
248,14,592.0,1268.36,1930.24,1933.1149,2.874868164062491,0,0,0,0
249,3,892.0,171.32,875.39,746.5698,128.82017578125,0,0,0,0
250,11,741.0,1872.39,1847.08,1828.2139,18.866132812499927,0,0,0,1
251,14,807.0,2358.41,1819.41,1921.2589,101.84891113281242,0,0,0,0
252,5,873.0,1584.53,1796.7,1742.2881,54.411914062500045,0,0,0,0
253,3,1159.0,2209.44,1434.84,1499.145,64.30501953125008,0,0,0,0
254,11,920.0,1338.65,1871.27,1937.5126,66.24257324218752,0,0,0,0
255,1,388.0,390.7,332.06,353.8827,21.822690429687498,0,0,0,0
256,9,576.0,1059.79,1547.5,1549.416,1.916015625,0,1,0,1
257,9,524.0,2367.12,1640.78,1621.1296,19.650361328124973,0,0,0,0
258,10,459.0,2183.11,1559.59,1627.2817,67.69173828125008,0,0,0,0
259,4,725.0,588.9,1097.95,997.1905,100.7595092773438,0,0,0,0
260,1,992.0,958.87,1222.41,1186.323,36.08700195312508,0,0,0,0
261,10,536.0,2194.42,1615.13,1646.5049,31.37488281249989,0,0,0,0
262,11,1126.0,1593.03,2143.74,2068.2888,75.45118164062478,0,0,0,0
263,10,314.0,1098.8,1539.1,1524.3347,14.765283203124909,0,0,0,0
264,1,9.0,2246.28,1120.22,1111.8838,8.336210937500027,0,0,0,0
265,11,706.0,1508.23,2030.59,1866.5718,164.01822265624992,0,0,0,0
266,10,976.0,2166.02,1775.03,1819.288,44.25796386718753,0,0,0,0
267,5,1028.0,653.19,1313.95,1268.3949,45.555102539062545,0,0,0,1
268,8,1166.0,99.47,1149.07,1166.255,17.185004882812564,0,0,0,0
269,12,882.0,1958.14,1944.88,1900.4677,44.41234863281261,0,0,0,0
270,11,448.0,732.79,1090.35,1211.4983,121.14829101562509,0,1,0,1
271,7,623.0,1691.39,1800.86,1737.0195,63.8404687499999,0,0,0,1
272,3,127.0,293.49,303.2,319.12018,15.920178222656261,1,1,0,1
273,12,218.0,486.02,1005.67,950.8113,54.85872070312496,0,0,0,0
274,3,1166.0,530.44,785.59,886.4688,100.87881103515622,0,0,0,0
275,11,17.0,550.58,830.07,859.751,29.68097656249995,0,0,0,0
276,9,696.0,1749.97,1649.49,1697.3038,47.81383300781249,0,1,0,0
277,4,305.0,125.79,664.43,589.32367,75.1063305664062,0,1,0,1
278,12,104.0,1300.05,1779.92,1692.5149,87.40510742187507,0,0,0,0
279,1,303.0,931.53,857.42,873.32434,15.904340820312541,0,0,0,0
280,8,1012.0,2390.84,1732.12,1734.3948,2.274775390625109,0,0,0,0
281,9,938.0,2224.29,1913.87,1765.8867,147.9832812499999,0,0,0,1
282,3,471.0,288.19,535.67,590.2009,54.53092773437504,0,0,0,1
283,5,72.0,977.67,1156.55,1160.1224,3.5724365234375455,0,0,0,0
284,10,160.0,2272.56,1642.15,1594.8739,47.27609863281259,0,0,0,0
285,10,965.0,1851.28,1805.77,1858.2261,52.45607421875002,0,0,0,0
286,3,266.0,2178.16,1447.95,1406.832,41.117968750000045,0,0,0,0
287,12,734.0,2491.82,1792.31,1779.0276,13.282412109374945,0,0,0,0
288,12,64.0,1641.01,1710.72,1690.6975,20.022490234375027,0,0,0,0
289,9,497.0,1845.08,1674.09,1629.7876,44.30240234374992,0,0,0,0
290,3,781.0,1801.38,1586.21,1546.9891,39.220864257812536,0,0,0,0
291,3,158.0,1070.74,1183.16,1157.1976,25.962368164062582,0,0,0,0
292,3,1096.0,200.27,802.96,753.9697,48.990273437500036,0,0,0,0
293,11,1116.0,2067.8,1987.44,1931.4941,55.945859375000055,0,0,0,0
294,10,831.0,39.86,982.64,1126.1375,143.497451171875,0,0,0,0
295,14,124.0,1064.64,1761.68,1692.2686,69.41144531250006,0,0,0,0
296,4,10.0,1262.73,1261.41,1260.2401,1.1698876953125819,0,0,0,0
297,5,955.0,106.86,897.78,926.74133,28.961333007812527,0,0,0,0
298,7,1176.0,2489.13,1921.16,1890.2592,30.900844726562582,0,0,0,0
299,6,803.0,465.6,1012.0,1092.7435,80.7435302734375,0,0,0,0
300,9,868.0,62.12,1022.81,1090.6237,67.81365722656255,0,0,0,0
301,1,181.0,128.05,225.12,210.5937,14.526295776367192,0,0,0,0
302,3,70.0,631.88,564.16,574.948,10.787998046875032,0,0,0,0
303,8,1090.0,419.76,1189.47,1237.7393,48.26925781249997,0,0,0,0
304,14,1184.0,2269.89,1943.24,2011.6589,68.41893554687499,0,1,0,1
305,1,735.0,1676.9,1365.21,1391.8799,26.669882812499964,0,0,0,0
306,2,547.0,119.09,509.52,533.2793,23.759296875000018,0,0,0,1
307,11,265.0,218.66,949.34,878.61755,70.72244628906253,0,0,0,0
308,10,223.0,886.32,1305.54,1271.6111,33.928916015624964,0,0,0,0
309,12,959.0,1947.82,1833.24,1910.2097,76.96971679687499,0,0,0,0
310,11,498.0,1578.39,1793.52,1754.541,38.97898437499998,0,0,0,1
311,14,127.0,988.4,1688.9,1607.5499,81.35007324218759,0,0,0,0
312,3,621.0,214.08,779.66,669.97986,109.68014160156247,0,0,0,0
313,6,1193.0,2241.5,1839.47,1851.6842,12.214204101562473,0,0,0,0
314,4,448.0,2055.97,1497.46,1536.144,38.684042968749964,0,1,0,0
315,8,466.0,2064.63,1558.12,1562.0713,3.951289062500109,0,0,0,0
316,12,229.0,1216.16,1696.65,1690.5337,6.116308593750091,0,0,0,0
317,13,658.0,559.48,1573.12,1399.6288,173.4912158203124,0,0,0,0
318,13,1034.0,2477.98,1842.24,1878.8624,36.62242675781249,0,1,0,0
319,4,842.0,2464.29,1611.66,1637.077,25.417026367187418,0,0,0,1
320,13,837.0,1218.93,1921.68,1949.8644,28.184379882812436,0,0,0,0
321,11,927.0,1306.37,1804.68,1940.0085,135.32854492187494,0,0,0,0
322,4,1047.0,1657.68,1605.84,1620.0536,14.213588867187582,0,0,0,0
323,4,262.0,1681.28,1435.34,1472.6522,37.31222167968758,0,0,0,0
324,7,1126.0,1103.75,2014.72,2101.4087,86.68869140624997,0,0,0,0
325,5,781.0,672.91,1125.36,1210.8726,85.5125585937501,0,0,0,0
326,5,831.0,591.65,1090.31,1147.5424,57.232358398437555,0,0,0,0
327,7,1089.0,1026.25,2132.85,2050.9531,81.89687499999991,0,0,0,0
328,1,793.0,2171.07,1421.36,1422.9542,1.5942236328126,0,0,0,0
329,9,368.0,495.12,847.33,902.1956,54.86561767578121,0,0,0,0
330,6,818.0,1130.38,1704.06,1734.2723,30.212338867187555,0,0,0,0
331,11,667.0,1915.95,1732.2,1792.5616,60.361645507812455,0,1,0,0
332,2,267.0,2116.93,1349.04,1326.1493,22.890708007812464,0,0,0,0
333,10,1083.0,2105.36,1844.58,1864.2313,19.651323242187573,0,0,0,0
334,13,529.0,1767.79,2015.18,1899.732,115.44794433593756,0,1,0,1
335,9,1155.0,1346.4,2248.12,2105.311,142.8089648437499,0,0,0,0
336,7,1185.0,1768.01,2072.18,2001.6453,70.53473632812484,0,0,0,0
337,5,763.0,1420.94,1777.14,1710.9901,66.1498876953126,0,0,0,0
338,7,368.0,1231.69,1550.04,1539.4692,10.570761718749964,0,0,0,1
339,6,659.0,322.1,972.58,949.53723,23.04276855468754,0,0,0,0
340,14,1138.0,518.18,1696.86,1589.0449,107.8150781249999,0,0,0,0
341,6,172.0,1977.78,1603.89,1590.3226,13.5673681640626,0,0,0,0
342,6,628.0,311.47,903.3,924.5329,21.232897949218795,0,0,0,0
343,2,500.0,1246.48,1264.53,1284.9984,20.468413085937527,0,0,0,0
344,8,7.0,2075.6,1422.12,1442.8363,20.71630371093761,0,0,0,0
345,5,942.0,2092.87,1696.72,1741.447,44.72702148437497,0,0,0,0
346,12,81.0,2485.34,1589.65,1617.216,27.56594238281241,0,0,0,0
347,4,166.0,791.52,866.18,889.7769,23.5969165039063,0,0,0,0
348,3,213.0,1724.85,1344.71,1373.0465,28.336508789062464,0,0,0,0
349,11,1004.0,167.15,1175.65,1238.9493,63.29934082031241,0,0,0,0
350,5,116.0,478.1,624.04,636.3779,12.337929687500036,0,0,0,0
351,13,112.0,2299.56,1807.67,1725.2048,82.46516601562507,0,0,0,0
352,1,43.0,2149.22,1134.47,1135.0023,0.5323193359374727,0,0,0,0
353,2,660.0,1944.4,1531.2,1482.7161,48.483935546875045,0,0,0,0
354,10,888.0,298.68,1171.54,1177.0516,5.511635742187536,0,0,0,0
355,10,860.0,2380.76,1759.97,1748.0298,11.940214843750027,0,0,0,0
356,10,1187.0,1981.09,2013.21,1946.8655,66.34452148437504,0,0,0,1
357,12,1139.0,124.65,1314.3,1328.3462,14.046191406250045,0,0,0,0
358,5,966.0,359.51,927.98,984.21045,56.23044921874998,0,0,0,0
359,10,796.0,1352.08,2000.19,1880.9265,119.26348632812505,0,0,0,0
360,9,72.0,1281.32,1515.54,1514.637,0.9030371093749636,0,0,0,0
361,10,215.0,2440.91,1638.66,1598.3284,40.33163085937508,0,0,0,0
362,7,671.0,1297.02,1703.2,1713.6569,10.456860351562455,0,0,0,0
363,5,230.0,333.69,538.36,622.26953,83.90953124999999,0,0,0,1
364,5,467.0,1243.31,1549.82,1529.6573,20.162651367187436,0,0,0,0
365,13,247.0,2339.61,1705.9,1743.0918,37.19179687499991,0,0,0,0
366,14,777.0,1248.61,1837.25,1973.9608,136.7108154296875,0,0,0,0
367,11,740.0,1171.99,902.09,911.81604,9.726040039062468,1,1,0,1
368,6,884.0,1798.31,1897.87,1821.2385,76.63147460937489,0,0,0,0
369,5,789.0,1853.31,1792.88,1732.0626,60.81737792968761,0,0,0,0
370,4,825.0,874.99,784.52,737.508,47.01200439453123,1,1,0,1
371,2,301.0,769.23,731.28,778.70184,47.42184326171878,0,0,0,0
372,12,1007.0,1353.77,1925.32,2040.8151,115.49506347656256,0,0,0,0
373,5,865.0,644.79,1202.46,1216.9797,14.519736328124964,0,1,0,1
374,14,81.0,1251.97,1682.62,1767.4973,84.87731445312511,0,1,0,0
375,8,1159.0,2175.27,1752.18,1802.0995,49.919487304687436,0,0,0,0
376,11,496.0,373.98,1152.99,1045.4596,107.53040527343751,0,1,0,0
377,1,752.0,1632.35,1362.39,1392.3937,30.0036767578124,0,0,0,0
378,5,1014.0,1853.57,1749.31,1741.2256,8.084414062499945,0,0,0,0
379,9,686.0,145.66,972.95,999.3628,26.412792968749955,0,0,0,0
380,5,654.0,1272.89,1724.68,1622.8253,101.85468261718756,0,1,0,1
381,8,621.0,2391.34,1593.12,1585.7909,7.329106445312391,0,0,0,0
382,9,1080.0,539.51,1306.91,1410.3762,103.46622070312492,0,0,0,0
383,10,714.0,269.06,1067.81,1081.0597,13.249692382812555,0,0,0,0
384,10,816.0,1425.64,1872.81,1871.7992,1.0108056640624454,0,0,0,0
385,14,1122.0,1766.25,2239.35,2135.86,103.48989257812491,0,0,0,0
386,4,1202.0,1074.87,1501.24,1521.8254,20.58543945312499,0,0,0,0
387,5,651.0,1573.3,1682.08,1681.27,0.8099804687499272,0,0,0,0
388,14,1100.0,237.69,1265.57,1399.5314,133.96137207031256,0,0,0,1
389,14,296.0,485.68,924.9,1135.5099,210.60988769531252,0,0,0,0
390,1,697.0,2148.5,1421.07,1394.0026,27.067436523437436,0,0,0,0
391,6,1044.0,47.46,1133.45,1057.4224,76.02763671875005,0,0,0,0
392,12,398.0,2481.44,1755.18,1690.3314,64.84857910156256,0,0,0,0
393,3,139.0,2428.89,1345.66,1360.4792,14.819248046874918,0,1,0,1
394,6,84.0,852.7,1109.32,1075.276,34.043999023437436,0,0,0,0
395,2,423.0,1639.17,1367.64,1342.4857,25.1542822265626,0,0,0,0
396,11,815.0,2385.6,1872.44,1782.974,89.46600097656255,0,0,0,0
397,6,577.0,897.74,1257.31,1362.4521,105.14214843750005,0,0,0,0
398,8,200.0,1508.89,1461.33,1513.8694,52.53938476562507,0,1,0,1
399,9,1102.0,540.6,1455.85,1429.1917,26.65834960937491,0,0,0,0
400,12,508.0,1970.54,1770.91,1785.7576,14.847568359374918,0,0,0,0
401,13,1024.0,1712.85,2097.69,2036.9723,60.717709960937555,0,0,0,0
402,7,1161.0,1499.97,1862.45,2019.8219,157.37189941406245,0,1,0,0
403,2,730.0,285.24,624.78,616.3032,8.476777343749973,0,0,0,0
404,13,996.0,1809.2,1956.89,2003.8455,46.9554589843749,0,0,0,0
405,5,1160.0,1901.83,1673.89,1729.2225,55.3325341796874,0,0,0,0
406,2,1139.0,306.43,726.14,664.71155,61.428452148437486,0,0,0,0
407,14,191.0,2442.76,1798.47,1799.7388,1.2687695312499727,0,0,0,0
408,7,776.0,2447.82,1826.93,1799.5679,27.362128906250064,0,0,0,0
409,14,414.0,1919.7,1918.89,1904.1868,14.7032324218751,0,0,0,0
410,7,847.0,1994.62,1851.7,1849.4109,2.2891113281250455,0,0,0,0
411,6,924.0,1227.21,1871.76,1804.5486,67.21141601562499,0,0,0,0
412,2,933.0,1589.58,1489.99,1519.9965,30.00645996093749,0,0,0,0
413,1,211.0,958.08,891.9,876.3977,15.502294921874977,0,0,0,0
414,10,773.0,865.92,1837.11,1625.4751,211.6349023437499,0,0,0,0
415,3,196.0,1211.68,1229.87,1251.9531,22.08312500000011,0,0,0,0
416,14,49.0,954.02,1480.87,1508.4548,27.58483398437511,0,0,0,0
417,5,477.0,655.24,935.38,987.81537,52.435368652343755,0,0,0,0
418,5,828.0,1606.84,1690.82,1735.6261,44.806098632812564,0,0,0,0
419,11,458.0,1364.29,1649.04,1729.8685,80.82853027343754,0,0,0,1
420,3,289.0,1245.67,1279.31,1306.7452,27.435239257812555,0,0,0,0
421,1,1060.0,501.67,658.14,666.5554,8.415419921875014,0,0,0,0
422,5,1085.0,2486.43,1664.83,1712.188,47.35798828125007,0,0,0,0
423,4,675.0,381.48,779.68,810.62787,30.9478686523438,0,0,0,0
424,8,415.0,1214.97,1473.75,1518.4369,44.6868896484375,0,1,0,0
425,6,425.0,709.75,1114.9,1062.9484,51.95163574218759,0,0,0,0
426,7,313.0,2408.02,1637.65,1635.477,2.172949218750091,0,0,0,0
427,13,235.0,426.07,897.26,977.92163,80.66163085937501,0,0,0,0
428,7,635.0,1406.31,1630.66,1706.4506,75.79056152343742,0,0,0,0
429,10,1009.0,2164.22,1889.87,1831.9585,57.91150390624989,0,0,0,0
430,3,692.0,450.7,748.57,756.2376,7.6676098632812,0,0,0,0
431,2,91.0,1073.76,1013.78,1042.0099,28.229887695312527,0,0,0,0
432,8,1187.0,1045.91,2047.06,2064.738,17.678037109375055,0,0,0,0
433,14,600.0,1120.05,1847.84,1887.7233,39.88326660156258,0,0,0,0
434,5,210.0,710.49,483.34,476.18573,7.154270019531225,1,1,0,1
435,12,10.0,1203.1,1564.9,1576.1489,11.248925781249909,0,0,0,0
436,1,452.0,275.05,282.89,321.47644,38.586440429687514,0,0,0,0
437,4,256.0,2218.74,1476.03,1480.6201,4.590117187500027,0,0,0,0
438,8,312.0,2383.17,1557.27,1518.4594,38.81064941406248,0,0,0,0
439,2,1175.0,816.2,1237.62,1133.2117,104.40833007812489,0,0,0,0
440,11,960.0,383.64,1248.46,1295.6425,47.182456054687464,0,0,0,0
441,6,690.0,1009.37,1559.83,1554.3735,5.456464843749927,0,0,0,0
442,14,487.0,579.29,1516.68,1370.1482,146.53180664062506,0,0,0,1
443,8,75.0,315.71,593.83,612.96735,19.13734619140621,0,0,0,0
444,13,360.0,271.93,1017.64,1050.046,32.406020507812514,0,0,0,0
445,11,708.0,1871.77,1916.37,1821.079,95.29102050781239,0,0,0,0
446,3,182.0,347.82,384.77,424.77518,40.00517700195314,0,0,0,0
447,10,683.0,2442.92,1643.68,1681.2809,37.600883789062436,0,0,0,0
448,5,392.0,1264.6,1465.72,1515.0581,49.33810546874997,0,0,0,0
449,10,175.0,1443.25,1635.5,1617.5339,17.966064453125,0,0,0,0
450,7,577.0,1959.13,1603.6,1720.8928,117.29282226562509,0,0,0,0
451,13,799.0,951.92,1793.36,1822.5404,29.1804052734376,0,0,0,0
452,13,608.0,370.89,1170.54,1226.3934,55.853432617187536,0,1,0,1
453,7,194.0,202.49,686.23,661.1735,25.056477050781268,1,1,0,1
454,13,889.0,232.72,1394.38,1294.3473,100.03270996093761,0,0,0,0
455,7,901.0,136.8,1222.6,1061.0184,161.5815673828124,0,0,0,0
456,1,698.0,1525.82,1398.75,1363.2922,35.457763671875,0,0,0,0
457,9,592.0,793.55,1235.69,1287.3491,51.659121093749945,0,0,0,0
458,14,1015.0,871.76,1846.41,1941.7914,95.38138183593742,0,0,0,0
459,9,524.0,136.46,848.89,905.6373,56.747329101562514,0,0,0,0
460,5,781.0,2114.27,1789.85,1723.3729,66.47707519531241,0,0,0,0
461,3,200.0,58.24,494.63,451.98502,42.64498413085937,0,0,0,0
462,5,503.0,2335.55,1649.42,1645.6239,3.7960986328125728,0,0,0,0
463,11,667.0,2221.67,1872.89,1761.7782,111.1118017578126,0,0,0,0
464,7,336.0,1843.58,1691.68,1641.0939,50.586127929687564,0,0,0,0
465,4,217.0,1506.46,1455.37,1438.3662,17.00378906249989,0,0,0,0
466,8,207.0,1146.93,1479.01,1456.2333,22.77672363281249,0,0,0,0
467,7,690.0,1807.71,1710.98,1784.5967,73.61667968749998,0,0,0,0
468,2,251.0,1916.43,1285.2,1316.865,31.664990234374955,0,0,0,0
469,4,627.0,956.98,1337.63,1342.7855,5.155522460937391,0,1,0,0
470,1,432.0,581.71,448.34,533.73816,85.39815917968753,0,0,0,0
471,4,1194.0,2250.51,1691.15,1631.482,59.66794433593759,0,0,0,0
472,10,64.0,455.9,774.64,765.12384,9.516159667968736,0,0,0,0
473,8,15.0,377.85,657.8,608.03937,49.760632324218705,0,0,0,0
474,11,741.0,1207.39,1878.06,1849.9178,28.142153320312445,0,0,0,1
475,8,638.0,1007.48,1483.06,1518.6597,35.599667968750055,0,0,0,0
476,12,965.0,1700.28,1879.09,1949.1927,70.10274902343758,0,0,0,0
477,8,1182.0,990.07,1840.75,2015.6404,174.890380859375,0,0,0,0
478,13,1062.0,869.28,2090.54,1937.2289,153.31111816406246,0,0,0,0
479,1,754.0,1220.47,1346.14,1303.186,42.9539648437501,0,0,0,0
480,14,767.0,186.47,1292.77,1284.3168,8.453227539062482,0,0,0,0
481,11,775.0,1752.23,1809.29,1853.5543,44.264321289062536,0,0,0,0
482,8,592.0,1402.98,1561.41,1608.9681,47.55813964843742,0,1,0,0
483,6,957.0,727.75,1448.72,1448.0468,0.6732470703125273,0,0,0,0
484,9,800.0,2167.72,1726.51,1708.1572,18.35277343749999,0,0,0,0
485,6,1198.0,222.6,1107.96,1093.45,14.510048828125036,0,0,0,0
486,3,1092.0,1737.65,1462.01,1505.0708,43.06080078125001,0,0,0,0
487,12,958.0,2499.84,1791.69,1811.9065,20.216494140624945,0,0,0,0
488,11,955.0,1282.19,2000.42,1977.8049,22.615068359375073,0,0,0,1
489,11,605.0,1880.69,1711.55,1771.6073,60.057299804687545,0,0,0,1
490,7,670.0,1558.02,1702.81,1765.3387,62.528745117187555,0,0,0,0
491,11,844.0,1962.77,1787.57,1838.5038,50.933784179687564,0,0,0,0
492,3,718.0,1158.02,1416.98,1450.9478,33.96775390624998,0,0,0,0
493,6,323.0,1477.23,1608.55,1610.3934,1.8434326171875455,0,0,0,0
494,14,616.0,2374.41,1828.37,1884.77,56.40001953125011,0,0,0,0
495,8,752.0,1519.78,1662.92,1728.8251,65.90507324218743,0,0,0,0
496,1,1166.0,1423.69,1412.13,1410.6868,1.4432324218751091,0,0,0,1
497,3,1187.0,1632.14,1451.85,1490.8953,39.04526367187509,0,0,0,0
498,3,1013.0,166.52,711.07,750.46045,39.39044921874995,0,0,0,0
499,5,741.0,429.24,951.92,967.54877,15.628767089843791,0,0,0,0
500,14,467.0,2176.26,1809.83,1877.1223,67.29231445312507,0,0,0,0
501,3,224.0,358.77,406.36,455.4099,49.049912109374986,0,0,0,0
502,3,712.0,512.23,751.16,809.38245,58.22244628906253,0,0,0,0
503,12,218.0,901.03,1371.86,1385.8799,14.0198828125001,0,0,0,0
504,6,373.0,587.38,956.61,928.3503,28.259719238281264,0,0,0,0
505,8,562.0,2479.33,1478.31,1559.8289,81.51885742187505,0,0,0,0
506,5,132.0,2387.03,1454.05,1532.6245,78.57451171875005,0,0,0,0
507,3,98.0,871.46,866.05,877.4386,11.388598632812545,0,0,0,0
508,14,545.0,1206.76,1977.89,1905.3728,72.5171972656251,0,0,0,0
509,1,869.0,1498.88,1398.94,1400.884,1.9440332031249454,0,0,0,0
510,2,875.0,393.25,640.56,674.8692,34.309201660156305,0,0,0,0
511,8,888.0,2296.07,1718.71,1708.9031,9.806923828125036,0,0,0,0
512,1,716.0,1396.41,1376.59,1345.2096,31.380405273437418,0,0,0,0
513,8,1025.0,1031.33,2214.64,2020.0338,194.60618652343737,0,0,0,0
514,9,1064.0,2016.76,1810.94,1825.3612,14.421206054687445,0,0,0,0
515,4,463.0,1963.41,1607.34,1541.7421,65.59793457031242,0,0,0,0
516,1,678.0,1478.57,1370.31,1349.1321,21.177919921874945,0,0,0,0
517,1,436.0,1358.14,1154.03,1167.998,13.968046875000027,0,0,0,0
518,5,586.0,2135.36,1661.61,1671.2709,9.6608740234376,0,0,0,0
519,1,797.0,126.8,543.18,514.1133,29.06671874999995,0,0,0,0
520,14,481.0,939.99,877.17,912.3922,35.22221191406254,1,1,0,1
521,7,172.0,1486.86,1557.94,1557.6486,0.29144042968755457,0,0,0,0
522,10,1192.0,23.47,1157.87,1317.8517,159.9816845703126,0,0,0,0
523,7,981.0,658.85,1351.69,1455.747,104.05694824218745,0,0,0,0
524,10,692.0,1671.71,1701.23,1764.2397,63.00974609374998,0,0,0,0
525,13,710.0,2223.86,1979.83,1878.5547,101.27531249999993,0,0,0,0
526,12,380.0,1526.79,1787.41,1790.8309,3.420932617187418,0,1,0,1
527,3,133.0,1728.5,1373.4,1343.687,29.71298828125009,0,0,0,0
528,4,730.0,799.25,1250.66,1221.8942,28.765834960937582,0,0,0,0
529,12,1070.0,1055.51,2030.76,2089.638,58.87793945312501,0,0,0,0
530,8,1185.0,554.98,1545.67,1450.399,95.27095214843757,0,1,0,0
531,11,456.0,2223.72,1600.1,1668.5696,68.46958007812509,0,0,0,0
532,12,85.0,1056.43,1466.31,1508.9905,42.680478515625055,0,0,0,0
533,2,543.0,103.37,544.12,528.2525,15.867497558593755,0,0,0,0
534,6,367.0,1947.68,1606.76,1660.0038,53.24378417968751,0,0,0,0
535,1,481.0,1792.17,1215.84,1232.7715,16.931484375000082,0,0,0,0
536,5,233.0,1862.04,1562.23,1556.9835,5.246479492187518,0,0,0,0
537,1,45.0,1070.22,922.69,914.1664,8.523618164062555,0,0,0,0
538,5,152.0,2444.81,1523.75,1537.1864,13.4364013671875,0,0,0,0
539,7,344.0,1242.05,1514.4,1536.366,21.96596679687491,0,0,0,0
540,5,320.0,1584.55,1584.73,1568.084,16.646015625000018,0,0,0,0
541,9,989.0,378.12,1193.72,1211.9929,18.272919921874973,0,0,0,0
542,10,57.0,936.89,1237.07,1278.118,41.048041992187564,0,1,0,1
543,12,342.0,2253.61,1659.5,1703.8464,44.346435546875,0,0,0,0
544,2,983.0,2109.93,1519.98,1530.4191,10.439067382812482,0,0,0,0
545,10,886.0,1990.03,1749.93,1802.5477,52.617729492187436,0,0,0,0
546,10,5.0,836.86,1116.56,1123.6593,7.099301757812555,0,0,0,0
547,3,80.0,517.54,457.49,477.34714,19.857137451171866,0,0,0,0
548,8,482.0,1411.49,631.81,629.36304,2.4469628906249454,1,1,0,1
549,4,11.0,312.01,426.22,392.61438,33.60562011718753,0,0,0,0
550,12,1075.0,2328.11,1798.38,1881.2533,82.87329589843739,0,0,0,0
551,13,632.0,268.91,1396.28,1191.7085,204.57150390624997,0,0,0,0
552,8,323.0,46.48,703.45,789.51074,86.06074218749995,0,0,0,0
553,11,527.0,1550.32,1806.06,1775.0001,31.059877929687445,0,0,0,0
554,5,948.0,898.6,1499.68,1515.3479,15.667900390624936,0,0,0,0
555,5,504.0,1502.63,1628.66,1618.3657,10.294277343750082,0,0,0,0
556,10,793.0,1422.29,2007.62,1872.0737,135.5462695312499,0,0,0,1
557,13,32.0,232.43,805.12,785.3516,19.768376464843755,0,0,0,0
558,9,768.0,1815.6,1666.18,1722.584,56.403984374999936,0,0,0,0
559,9,994.0,1742.62,1849.58,1860.5929,11.012895507812573,0,0,0,0
560,1,1105.0,1432.3,1387.17,1410.0985,22.928510742187427,0,0,0,0
561,12,178.0,507.59,907.19,945.11176,37.921755371093695,0,0,0,1
562,10,472.0,431.95,924.65,991.5022,66.85219726562502,0,1,0,0
563,5,716.0,1111.23,1492.08,1586.1437,94.06367675781257,0,0,0,0
564,3,771.0,725.67,1166.93,1067.5876,99.34235351562506,0,0,0,0
565,13,1054.0,1131.25,2162.03,2141.6008,20.4291699218752,0,0,0,0
566,10,872.0,2191.27,1776.62,1771.013,5.607060546874891,0,0,0,0
567,12,1077.0,32.55,1387.43,1342.4706,44.959418945312564,0,0,0,0
568,12,211.0,749.56,1285.23,1185.9935,99.23646972656252,0,0,0,0
569,4,199.0,1310.01,1400.57,1383.3564,17.213554687499936,0,0,0,0
570,2,1029.0,1702.6,1577.55,1534.9299,42.620068359374955,0,0,0,0
571,10,643.0,2263.77,1685.92,1683.7124,2.2075976562500728,0,0,0,0
572,10,797.0,1706.73,1724.42,1806.1737,81.75370605468743,0,0,0,0
573,12,657.0,322.5,1113.16,1172.2513,59.09134277343742,0,0,0,0
574,8,177.0,486.06,751.58,765.4168,13.836809082031209,0,0,0,0
575,2,222.0,456.24,437.4,430.43784,6.962164306640602,0,0,0,0
576,3,555.0,2342.76,1458.63,1473.8181,15.18811523437489,0,0,0,0
577,2,785.0,1964.63,1522.76,1511.4656,11.294423828124991,0,0,0,0
578,5,104.0,281.67,464.68,520.44745,55.76744873046874,0,0,0,0
579,1,673.0,2026.16,1372.83,1384.3112,11.481157226562573,0,0,0,0
580,10,877.0,1711.12,1897.37,1844.2517,53.11829101562489,0,0,0,0
581,1,250.0,1300.17,1145.33,1114.6539,30.676069335937427,0,0,0,0
582,1,467.0,296.49,221.23,227.85277,6.622767944335948,1,1,0,1
583,10,1026.0,828.82,1865.67,1796.1284,69.54158203125007,0,0,0,0
584,11,1106.0,2250.54,2050.62,1897.2346,153.3853808593749,0,0,0,0
585,12,452.0,816.56,1243.1,1361.107,118.00705566406259,0,0,0,0
586,14,865.0,2497.16,1885.87,1900.3412,14.47118652343761,0,0,0,0
587,8,107.0,2450.89,1468.19,1479.6284,11.438417968749945,0,1,0,1
588,8,80.0,1092.18,1365.73,1374.8147,9.084697265624982,0,0,0,0
589,8,945.0,766.98,1625.53,1598.7969,26.733124999999973,0,1,0,0
590,13,1140.0,1607.8,2214.64,2141.0364,73.60362304687487,0,0,0,0
591,2,636.0,1438.19,1435.96,1433.7745,2.1854638671875364,0,0,0,1
592,14,865.0,1422.11,1921.18,2051.0132,129.83318359374994,0,0,0,0
593,12,482.0,1710.47,1746.74,1805.1763,58.43626953124999,0,0,0,0
594,2,68.0,756.61,648.53,628.1187,20.411286621093723,0,0,0,0
595,14,512.0,526.84,1306.64,1353.366,46.7259667968749,0,0,0,0
596,14,1001.0,1647.24,2080.0,2102.5217,22.521728515625,0,0,0,0
597,1,547.0,573.6,616.27,628.2582,11.988178710937518,0,0,0,0
598,10,5.0,1338.9,1610.25,1523.2438,87.0062255859375,0,0,0,0
599,3,1158.0,1107.4,1361.3,1444.9437,83.64372558593755,0,0,0,0
600,1,993.0,1143.58,1328.85,1319.553,9.297021484374909,0,0,0,0
601,6,378.0,837.63,1215.96,1194.9379,21.022133789062536,0,0,0,0
602,11,1156.0,2231.86,1988.56,1918.1979,70.36212402343745,0,0,0,0
603,5,1050.0,882.86,1430.04,1511.8899,81.84989257812504,0,0,0,0
604,8,836.0,735.52,1606.63,1459.6409,146.9891308593751,0,0,0,0
605,11,654.0,1516.42,1870.43,1831.107,39.322944335937564,0,0,0,0
606,8,633.0,1308.36,1639.12,1628.6166,10.50342285156239,0,0,0,0
607,12,713.0,1642.01,1873.19,1909.4243,36.234316406249945,0,0,0,0
608,5,96.0,1105.47,1312.16,1308.4036,3.756435546875082,0,0,0,0
609,7,1054.0,576.47,1344.18,1384.3384,40.158378906249936,0,0,0,0
610,12,495.0,1948.13,1831.92,1784.3785,47.54145996093757,0,0,0,0
611,1,1068.0,2011.28,1421.45,1460.0908,38.640820312499955,0,0,0,0
612,7,1000.0,1620.46,1971.23,1956.1428,15.087177734375018,0,0,0,0
613,13,855.0,1798.75,1951.77,1971.9512,20.181171875000018,0,0,0,0
614,8,544.0,1279.51,1483.77,1568.045,84.27504394531252,0,0,0,0
615,11,816.0,544.99,1077.12,1060.3834,16.73657714843739,1,1,0,1
616,5,1080.0,2383.82,1664.76,1714.6229,49.86292480468751,0,0,0,0
617,8,1124.0,1908.69,1833.27,1853.5446,20.274555664062518,0,0,0,1
618,3,29.0,1632.85,1269.1,1280.678,11.577978515625091,0,0,0,0
619,6,470.0,2235.72,1628.6,1691.9567,63.35666503906259,0,0,0,0
620,7,287.0,2293.5,1558.09,1618.4238,60.33382812500008,0,0,0,0
621,4,72.0,1367.29,1302.97,1335.654,32.68405273437497,0,0,0,1
622,6,344.0,233.31,800.18,775.7391,24.4409252929687,0,0,0,0
623,8,801.0,1241.21,1780.65,1814.0865,33.43654785156241,0,0,0,0
624,5,629.0,484.34,1029.87,952.0753,77.79468261718739,0,0,0,0
625,11,327.0,961.08,1356.46,1432.6649,76.20491699218746,0,0,0,0
626,14,94.0,105.94,1180.63,1015.77325,164.85674560546886,0,0,0,0
627,4,1113.0,2103.82,1695.08,1629.9739,65.10612304687493,0,0,0,0
628,14,267.0,2090.21,1968.4,1851.194,117.20603027343759,0,0,0,0
629,1,979.0,1292.54,1313.53,1362.4796,48.94961425781253,0,0,0,0
630,10,625.0,519.94,1229.41,1174.3868,55.02315917968758,0,0,0,0
631,14,457.0,848.61,1492.64,1531.364,38.7240136718749,0,0,0,0
632,11,398.0,723.39,1154.77,1173.1829,18.412861328125018,0,0,0,1
633,14,68.0,438.96,866.76,941.389,74.62897705078126,0,0,0,0
634,3,769.0,2497.93,1587.8,1503.3799,84.42011718749995,0,0,0,0
635,13,694.0,1054.31,1815.02,1829.3635,14.343525390625018,0,0,0,0
636,12,1088.0,1977.91,1883.21,1946.9495,63.739462890624964,0,0,0,0
637,9,101.0,950.23,1281.64,1279.0557,2.5843359375001,0,0,0,0
638,1,170.0,2452.85,1209.08,1189.9486,19.131391601562427,0,0,0,0
639,12,1135.0,475.95,1447.39,1474.4531,27.0631249999999,0,1,0,0
640,3,1109.0,2092.26,1436.66,1502.7611,66.10110839843742,0,0,0,0
641,7,753.0,358.13,1084.79,1059.0199,25.770102539062464,0,0,0,0
642,2,521.0,467.19,667.85,625.04956,42.80043945312502,0,0,0,1
643,12,1003.0,983.23,1996.18,2005.358,9.178032226562436,0,0,0,0
644,3,269.0,708.05,799.12,779.216,19.903996582031255,0,0,0,0
645,14,646.0,2418.19,1931.21,1889.5863,41.623696289062536,0,0,0,1
646,14,1153.0,346.58,1292.93,1436.7543,143.82427246093744,0,0,0,0
647,4,18.0,289.06,380.88,389.13858,8.25858032226563,0,0,0,0
648,13,1167.0,1074.36,2197.33,2168.6099,28.720136718749927,0,0,0,0
649,1,1113.0,1536.0,1403.6,1431.4927,27.89267578125009,0,0,1,0
650,6,930.0,1907.95,1788.75,1829.7863,41.0362548828125,0,1,0,0
651,5,714.0,617.72,1164.2,1121.1029,43.097094726562545,0,0,0,0
652,7,256.0,2180.53,1548.87,1605.1133,56.24328125000011,0,0,0,0
653,9,1063.0,2497.79,1761.94,1757.0912,4.848813476562555,0,1,0,1
654,11,512.0,2016.19,1710.53,1716.9257,6.395659179687527,0,0,0,1
655,9,463.0,1024.53,1476.48,1451.4293,25.050678710937518,0,0,0,0
656,12,714.0,2003.23,1829.06,1861.8563,32.796323242187555,0,0,0,0
657,9,1165.0,1868.79,1945.95,1906.3182,39.631762695312545,0,1,0,1
658,1,872.0,2420.07,1456.34,1437.8551,18.484897460937418,0,0,0,0
659,10,631.0,1220.71,1730.86,1721.994,8.8659814453124,0,0,0,0
660,9,633.0,888.17,1384.78,1444.3289,59.54885742187503,0,0,0,0
661,4,1065.0,119.34,781.82,841.9167,60.0966870117187,0,0,0,0
662,12,947.0,193.05,1225.63,1263.4541,37.82410156249989,0,0,0,0
663,4,159.0,568.58,647.0,653.83496,6.8349609375,0,0,0,0
664,1,292.0,449.83,363.02,353.50592,9.514079589843732,0,0,0,0
665,1,1115.0,926.13,1192.88,1160.3323,32.54772460937511,0,0,0,0
666,7,1168.0,667.94,1639.55,1551.3115,88.23847656249995,0,0,0,0
667,4,348.0,2047.08,1507.04,1510.8585,3.8185205078125364,0,0,0,0
668,8,77.0,1930.98,1485.69,1483.7737,1.9163183593750546,0,1,0,0
669,7,1033.0,1013.03,2119.83,2022.8197,97.01029785156243,0,0,0,0
670,4,672.0,1603.52,1612.43,1611.4874,0.9425732421875637,0,0,0,0
671,4,1191.0,999.45,1478.93,1478.3217,0.6083447265625637,0,0,0,0
672,8,392.0,661.27,978.13,998.6404,20.510380859375005,0,0,0,0
673,7,951.0,584.4,1253.76,1349.947,96.18702148437501,0,0,0,0
674,5,778.0,2423.47,1643.96,1704.3662,60.406210937499964,0,0,0,0
675,11,958.0,1999.13,1900.18,1871.0284,29.151557617187564,0,0,0,0
676,3,186.0,1068.31,1152.04,1167.9695,15.929482421875036,0,0,0,0
677,5,1116.0,2460.46,1711.97,1712.7386,0.7686474609374727,0,0,0,0
678,13,63.0,107.92,710.25,849.7445,139.4945068359375,0,0,0,0
679,6,170.0,476.99,600.23,610.95325,10.723247070312482,1,1,0,1
680,3,870.0,413.23,795.8,776.36536,19.434643554687455,0,0,0,0
681,12,852.0,1957.9,1944.89,1893.1758,51.7142187500001,0,0,0,0
682,6,420.0,386.77,929.16,857.88184,71.27816406249997,0,0,0,0
683,6,668.0,1922.45,1796.98,1761.5421,35.43788574218752,0,0,0,0
684,8,795.0,1645.99,644.69,718.7151,74.02508789062495,1,1,0,1
685,4,420.0,927.74,1238.04,1212.3627,25.677329101562464,0,0,0,0
686,12,1074.0,2407.71,1843.97,1862.5234,18.553437499999973,0,0,0,0
687,12,916.0,2394.85,1740.85,1830.382,89.53195800781259,0,0,0,0
688,4,1075.0,586.17,1023.65,1051.581,27.931054687500023,0,0,0,0
689,5,1143.0,1217.72,1745.09,1703.2229,41.86709960937492,0,0,0,0
690,2,719.0,591.44,755.3,806.69293,51.392932128906295,0,0,0,0
691,4,197.0,1858.84,1416.33,1457.3599,41.02986328125007,0,0,0,0
692,6,248.0,395.4,710.15,719.6716,9.521569824218773,0,0,0,0
693,10,834.0,1820.8,1883.49,1800.744,82.74598144531251,0,0,0,0
694,1,1112.0,2011.44,1423.85,1459.8969,36.04685058593759,0,0,0,0
695,12,1189.0,1453.16,2162.13,2168.9646,6.834599609374891,0,0,0,0
696,14,269.0,1349.61,1832.34,1862.038,29.697963867187582,0,0,0,0
697,7,671.0,1262.85,1600.42,1697.1086,96.68864257812493,0,0,0,0
698,9,52.0,350.58,601.81,655.1563,53.346311035156305,0,0,0,0
699,14,976.0,1526.58,1995.87,2103.1243,107.25426757812511,0,0,0,0
700,2,370.0,1554.5,1311.23,1321.217,9.987041015624982,0,0,0,0
701,4,1180.0,1948.55,1565.16,1620.7953,55.63528808593742,0,0,0,0
702,5,36.0,2022.94,1410.58,1480.5294,69.94941894531257,0,0,0,0
703,5,691.0,1030.64,1465.26,1512.7861,47.52613281250001,0,0,0,0
704,8,52.0,2353.5,1485.05,1465.9928,19.057202148437455,0,0,0,0
705,11,24.0,2029.04,1569.37,1577.0706,7.700556640625109,0,0,0,0
706,8,221.0,936.98,1287.0,1261.0444,25.95556640625,0,1,0,0
707,1,85.0,89.83,175.53,155.59904,19.930955200195314,0,0,0,0
708,7,803.0,12.75,1146.78,1052.8557,93.92428710937497,0,0,0,0
709,12,893.0,910.41,1862.13,1836.9047,25.22533691406261,0,0,0,0
710,14,113.0,1091.13,1703.02,1716.0417,13.021748046875018,0,0,0,0
711,5,516.0,1878.49,669.85,623.71826,46.13173828125002,1,1,0,1
712,14,904.0,2005.96,1970.01,1996.9066,26.89661621093751,0,0,0,0
713,1,1058.0,1601.04,1465.9,1440.9797,24.92026367187509,0,0,0,0
714,14,555.0,313.73,1201.26,1231.9436,30.68360351562501,0,0,0,0
715,7,738.0,730.28,1429.72,1371.1411,58.57888671875003,0,0,0,0
716,8,792.0,2437.24,1556.7,1646.7764,90.07636718749995,0,0,0,0
717,5,831.0,432.8,901.36,995.7991,94.43907226562499,0,0,0,0
718,7,709.0,320.8,1116.62,1020.88434,95.73566162109364,0,0,0,0
719,9,1078.0,161.85,1260.96,1178.3402,82.61979003906254,0,0,0,0
720,2,616.0,968.93,1163.1,1195.7301,32.63010253906259,0,0,0,0
721,2,570.0,2297.12,1423.86,1430.5464,6.6863867187501,0,0,0,0
722,9,13.0,986.41,1271.52,1271.1748,0.3451953124999818,0,0,0,0
723,7,381.0,2106.96,1705.27,1659.2109,46.05906249999998,0,0,0,0
724,9,460.0,2424.47,1624.68,1606.9486,17.731391601562564,0,0,0,0
725,4,425.0,1286.54,1449.26,1457.5768,8.316782226562509,0,0,0,0
726,11,437.0,1053.24,1630.47,1568.1646,62.30544921875003,0,0,0,0
727,9,1000.0,1901.79,1778.65,1831.2548,52.60476074218741,0,1,0,1
728,1,553.0,1687.11,1295.34,1303.0782,7.738247070312582,0,0,0,0
729,10,5.0,1094.06,1361.08,1404.7401,43.66011230468757,0,0,0,0
730,12,931.0,864.21,1663.58,1803.1129,139.53291503906257,0,0,0,0
731,6,436.0,914.53,1389.11,1311.6093,77.5007470703124,0,0,0,0
732,3,1074.0,247.32,636.02,748.3374,112.31740234375002,0,0,0,0
733,9,896.0,1398.54,1727.1,1871.4626,144.3626464843751,0,0,0,0
734,1,462.0,2047.57,1202.9,1236.9036,34.00356445312491,0,0,0,0
735,3,665.0,2418.16,1490.96,1498.0079,7.047934570312464,0,0,0,0
736,11,532.0,2419.86,1653.69,1677.6069,23.916933593749945,0,0,0,0
737,9,483.0,52.64,949.04,901.603,47.436972656249964,0,0,0,0
738,12,296.0,326.83,981.72,956.1578,25.562224121093777,0,0,0,0
739,9,131.0,1990.0,1557.2,1567.3055,10.105541992187455,0,0,1,0
740,6,836.0,2035.17,1718.79,1802.8191,84.02909179687504,0,0,0,0
741,10,532.0,1223.36,1631.49,1655.0165,23.52647949218749,0,0,0,0
742,14,595.0,2140.61,1989.13,1918.2274,70.90258300781261,0,0,0,0
743,7,623.0,1894.02,1739.49,1748.1125,8.622548828124991,0,0,0,0
744,5,1077.0,2234.35,1665.23,1722.7397,57.50974609374998,0,0,0,0
745,5,579.0,1018.52,1468.01,1445.5123,22.49767089843749,0,0,0,0
746,8,255.0,1817.19,1510.91,1525.5061,14.596103515624918,0,0,0,1
747,8,1009.0,1378.07,1903.76,1991.206,87.44605468750001,0,0,0,0
748,10,87.0,498.96,781.97,809.16144,27.191437988281223,0,0,0,0
749,1,809.0,1734.56,1447.25,1417.4281,29.8218994140625,0,0,0,0
750,9,1079.0,1981.94,1763.16,1836.3961,73.23611816406242,0,0,0,0
751,8,1134.0,1049.84,2073.13,2066.8164,6.313593750000109,0,0,0,0
752,8,403.0,654.97,895.14,997.5773,102.43727050781251,0,1,0,0
753,8,534.0,429.88,916.02,958.8194,42.79939697265627,0,0,0,0
754,13,564.0,2245.56,1745.09,1821.6908,76.60079589843758,0,0,0,0
755,2,752.0,958.29,1144.41,1242.0204,97.61038574218742,0,0,0,1
756,11,293.0,1410.0,1673.7,1692.5184,18.818432617187455,0,0,1,0
757,5,919.0,470.23,1119.17,1055.0157,64.15425292968757,0,0,0,0
758,5,103.0,333.22,573.58,539.3514,34.22862060546879,0,0,0,0
759,1,893.0,19.76,570.71,544.46893,26.241066894531286,0,0,0,0
760,12,37.0,52.65,789.01,811.8312,22.82117675781251,0,0,0,0
761,8,1142.0,776.74,1827.44,1722.4238,105.01617187500005,0,0,0,0
762,5,332.0,218.03,801.73,711.187,90.54298828125002,0,0,0,0
763,7,950.0,1739.62,2032.23,1918.2527,113.97731445312502,0,0,0,0
764,9,223.0,1916.03,1623.73,1589.4069,34.32313964843752,0,0,0,0
765,6,522.0,1210.87,1577.01,1586.4672,9.457163085937509,0,0,0,0
766,12,46.0,2077.07,1666.29,1636.3567,29.933310546874964,0,0,0,0
767,2,252.0,1545.94,1300.19,1284.9158,15.274228515625055,0,0,0,0
768,14,999.0,619.42,1510.57,1639.1926,128.62262695312506,0,0,0,0
769,13,125.0,2004.61,1721.56,1752.233,30.673032226562555,0,0,0,0
770,9,597.0,625.99,990.84,944.3313,46.50870117187503,1,1,0,1
771,3,289.0,853.79,969.85,970.9375,1.0874999999999773,0,1,0,1
772,7,953.0,1918.24,1833.56,1901.2943,67.73431152343755,0,0,0,0
773,4,275.0,2359.64,1483.58,1486.7893,3.2093066406250728,0,0,0,0
774,5,755.0,1584.41,1729.08,1723.9148,5.165205078124927,0,0,0,0
775,9,803.0,880.17,1589.75,1635.4136,45.66357421875,0,0,0,0
776,11,293.0,285.14,966.87,898.33215,68.5378466796875,0,0,0,0
777,6,164.0,1460.21,1535.3,1551.1829,15.882861328125045,0,0,0,0
778,12,675.0,2277.93,1807.33,1806.2758,1.0542431640624272,0,0,0,0
779,11,859.0,146.71,1267.98,1167.8446,100.13539550781252,0,0,0,0
780,2,296.0,1878.7,1354.0,1328.6924,25.3076171875,0,0,0,0
781,7,300.0,2417.85,1634.04,1626.7649,7.275107421874964,0,0,0,0
782,2,1155.0,1517.18,1543.17,1502.4854,40.68464843750007,0,0,0,0
783,5,765.0,480.48,1038.42,1014.1264,24.293596191406323,0,0,0,0
784,9,1097.0,2330.2,1728.07,1788.4629,60.392890625000064,0,0,0,0
785,4,422.0,2049.71,1491.9,1529.6613,37.76125488281241,0,0,0,0
786,14,1020.0,510.33,1406.95,1521.5513,114.60126953124995,0,0,0,0
787,4,205.0,545.57,682.22,660.26294,21.957060546875027,0,0,0,0
788,12,1046.0,1850.85,1875.72,1959.5527,83.83273437499997,0,0,0,0
789,4,1001.0,739.08,1116.31,1206.7916,90.48162597656255,0,0,0,0
790,9,938.0,742.17,1632.1,1588.0006,44.09938964843741,0,0,0,0
791,5,351.0,407.74,883.11,768.5945,114.51551757812501,0,0,0,0
792,9,748.0,653.42,1249.66,1339.1919,89.53189453124992,0,0,0,0
793,13,1186.0,2462.26,1906.35,1915.9878,9.637792968750091,0,0,0,0
794,6,384.0,1656.04,1682.33,1651.5182,30.811811523437427,0,0,0,0
795,10,150.0,418.41,844.9,775.3978,69.50217285156248,0,0,0,0
796,10,783.0,158.93,993.55,1084.5801,91.03007812500005,0,0,0,0
797,6,372.0,2494.69,1742.34,1661.0498,81.29019531249992,0,0,0,1
798,10,958.0,1643.76,1827.18,1892.8541,65.67412597656244,0,0,0,0
799,8,34.0,1225.2,1438.52,1432.2356,6.284404296874982,0,0,0,0
800,7,151.0,2461.93,1516.58,1561.7482,45.16816894531257,0,0,0,0
801,7,150.0,1379.35,1500.09,1528.4086,28.318569335937582,0,0,0,0
802,6,751.0,2085.98,1757.81,1780.9395,23.129453125000055,0,1,0,0
803,7,568.0,159.12,738.92,884.31665,145.39665039062504,0,0,0,0
804,12,574.0,2240.9,1785.72,1773.3579,12.362089843750027,0,0,0,0
805,13,36.0,808.38,1190.16,1242.62,52.45999511718742,0,0,0,0
806,14,595.0,1818.77,1889.9,1962.6761,72.77614746093741,0,0,0,0
807,7,381.0,2342.27,1705.24,1662.1226,43.11744140625001,0,0,0,0
808,14,174.0,815.3,1295.14,1376.6447,81.5046533203124,0,0,0,0
809,11,226.0,2013.45,1590.82,1630.3088,39.488837890625064,0,0,0,0
810,13,137.0,1505.66,1777.72,1790.1805,12.460541992187473,0,0,0,0
811,13,774.0,206.45,1110.0,1234.9896,124.9896240234375,0,0,0,0
812,5,1120.0,1514.91,1658.97,1728.9487,69.97873046874997,0,0,0,0
813,4,862.0,2335.55,1698.94,1642.373,56.566953125000055,0,0,0,0
814,8,829.0,1147.89,2004.34,1857.2948,147.04520019531242,0,1,0,1
815,4,380.0,446.66,764.24,718.911,45.32898925781251,0,0,0,0
816,9,238.0,1197.83,1560.78,1532.4214,28.358613281249973,0,0,0,0
817,13,1199.0,493.0,1634.13,1563.3906,70.73937500000011,0,0,1,0
818,12,710.0,1249.41,1921.09,1884.1509,36.93912109374992,0,0,0,0
819,14,719.0,1973.14,1980.99,1975.7014,5.288583984375009,0,0,0,0
820,1,482.0,1697.08,1198.24,1227.552,29.31200195312499,0,0,0,0
821,9,444.0,725.31,1062.52,1107.558,45.03798339843752,0,0,0,0
822,11,610.0,1990.79,1753.56,1759.5885,6.028500976562555,0,1,0,1
823,4,238.0,1707.28,1483.48,1465.7562,17.723774414062518,0,0,0,0
824,2,299.0,1612.7,1282.8,1308.1067,25.306689453125045,0,0,0,0
825,10,273.0,799.9,1155.05,1157.4099,2.3599121093750455,0,0,0,0
826,3,154.0,274.04,406.91,393.64832,13.261684570312525,0,0,0,0
827,7,636.0,697.02,1276.06,1246.8579,29.202089843749945,0,0,0,0
828,2,1038.0,685.07,962.14,961.94525,0.19474853515623636,0,0,0,0
829,2,798.0,2334.41,1485.4,1492.4993,7.099267578124909,0,0,0,0
830,12,601.0,2166.56,1918.46,1795.5786,122.88138671875004,0,0,0,0
831,6,290.0,814.04,1077.35,1131.6862,54.33615722656259,0,0,0,0
832,8,16.0,259.02,543.56,562.242,18.682004394531305,0,0,0,0
833,8,303.0,1072.44,1453.25,1421.2196,32.0303955078125,0,0,0,0
834,11,372.0,2048.26,1632.61,1660.8542,28.2442480468751,0,0,0,0
835,3,864.0,2338.52,1513.04,1523.0604,10.020424804687536,0,0,0,0
836,11,913.0,2253.41,1758.56,1817.2605,58.700498046875055,0,0,0,0
837,14,805.0,834.06,1683.49,1759.5737,76.08373046874999,0,0,0,0
838,5,905.0,2317.31,1691.38,1725.8147,34.43469726562489,0,0,0,0
839,10,728.0,226.53,1060.47,1071.3927,10.922700195312473,0,0,0,0
840,4,842.0,893.25,1324.64,1366.4254,41.7854150390624,0,0,0,0
841,5,117.0,953.06,1116.8,1163.2268,46.426806640625045,0,0,0,0
842,12,307.0,957.17,1432.75,1483.3871,50.6370849609375,0,0,0,0
843,9,51.0,314.81,704.94,638.95483,65.98516601562505,0,0,0,0
844,7,1071.0,841.11,1699.9,1761.7297,61.82973632812491,0,0,0,0
845,13,922.0,1510.22,1967.87,2022.9839,55.11388671875011,0,0,0,0
846,8,867.0,2373.39,1747.22,1691.633,55.58694335937503,0,0,0,1
847,11,1013.0,1483.3,1952.8,1990.9182,38.118212890625045,0,0,0,0
848,6,1148.0,1525.81,1776.48,1864.2528,87.77280761718748,0,0,0,0
849,12,158.0,2195.67,1625.46,1670.2888,44.828818359374964,0,0,0,0
850,5,1010.0,2054.21,1810.37,1739.709,70.66101562499989,0,0,0,0
851,1,682.0,1517.04,1376.04,1355.7203,20.319663085937464,0,0,0,0
852,5,14.0,78.33,406.7,414.11304,7.413037109375011,0,0,0,0
853,6,1203.0,1900.48,1972.88,1867.2341,105.64586914062511,0,0,0,0
854,4,810.0,1852.31,1575.87,1638.3367,62.46666992187511,0,0,0,0
855,3,760.0,2073.25,1522.45,1531.853,9.403027343749955,0,0,0,0
856,7,868.0,625.09,1403.48,1366.0455,37.43446777343752,0,0,0,1
857,7,205.0,103.31,683.1,702.577,19.477026367187477,0,0,0,0
858,5,387.0,1882.35,1588.8,1609.2875,20.487475585937545,0,0,0,0
859,11,447.0,130.07,852.02,973.5347,121.51472900390627,0,0,0,0
860,9,482.0,1348.44,1633.26,1614.7797,18.48033691406249,0,0,0,0
861,7,15.0,2436.67,1459.63,1484.7084,25.07837402343739,0,0,0,0
862,10,955.0,1182.33,1950.3,1990.8379,40.537890625000045,0,0,0,0
863,5,41.0,2314.68,1500.28,1486.416,13.863984374999973,0,0,0,0
864,2,1189.0,1164.74,1666.52,1427.8492,238.67075683593748,0,0,0,0
865,2,762.0,519.74,752.69,744.2785,8.411496582031305,0,0,0,0
866,10,895.0,937.46,1714.8,1816.9247,102.12468261718755,0,0,0,0
867,13,858.0,2258.01,1889.71,1898.8027,9.092734374999964,0,0,0,0
868,11,650.0,524.8,1179.09,1255.861,76.77096191406258,0,0,0,0
869,4,198.0,2106.63,1450.67,1459.9792,9.309248046874927,0,0,0,0
870,1,791.0,1927.75,1419.88,1420.2334,0.35339843749989086,0,0,0,0
871,14,1020.0,1201.75,2337.73,2160.6182,177.11183593750002,0,0,0,0
872,12,59.0,2247.39,1629.92,1628.6725,1.2475146484375728,0,0,0,1
873,8,626.0,545.84,1142.89,1099.3435,43.5464941406251,0,0,0,0
874,5,57.0,559.05,639.73,659.40283,19.672832031249982,0,0,0,0
875,5,908.0,716.7,1375.88,1309.314,66.56603515625011,0,0,0,0
876,13,8.0,78.44,713.71,801.9228,88.21279052734371,0,0,0,0
877,11,684.0,672.51,1487.93,1409.4708,78.45917480468756,0,0,0,0
878,4,180.0,2365.46,1443.02,1453.0757,10.055683593750018,0,0,0,0
879,13,511.0,1628.33,1915.79,1904.7349,11.055136718749964,0,0,0,0
880,4,231.0,20.39,499.26,531.69135,32.43134521484376,0,0,0,1
881,9,1139.0,1973.31,1759.33,1858.7417,99.41169921875007,0,0,0,0
882,9,578.0,1167.71,1587.21,1611.2463,24.036337890624964,0,0,0,0
883,14,530.0,2028.06,2079.14,1923.7972,155.34275878906237,0,0,0,0
884,7,316.0,141.89,837.8,774.539,63.260998535156205,0,1,0,1
885,2,897.0,2382.39,1437.95,1502.9906,65.04060058593745,0,0,0,1
886,12,121.0,608.92,1033.44,1024.7382,8.701840820312555,0,0,0,0
887,4,764.0,1417.94,1682.1,1619.2756,62.82436523437491,0,0,0,0
888,11,663.0,2141.08,1715.29,1769.7,54.409951171875036,0,0,0,0
889,3,91.0,1640.15,1338.3,1314.5752,23.724804687499955,0,0,0,0
890,1,1035.0,1289.84,1317.33,1366.7124,49.38240234375007,0,0,0,0
891,7,125.0,193.62,616.24,612.67163,3.568369140625009,0,0,0,0
892,12,437.0,639.96,1183.74,1203.3788,19.63878417968749,0,0,0,0
893,4,84.0,2243.12,1392.1,1412.1476,20.04758300781259,0,0,0,0
894,5,716.0,1316.6,1686.98,1666.9835,19.996479492187518,0,0,0,0
895,12,18.0,2461.37,1556.78,1589.3293,32.54934570312503,0,0,0,0
896,3,560.0,1664.15,1419.48,1479.8691,60.38914062499998,0,0,0,0
897,3,504.0,63.39,568.17,587.4792,19.30918701171879,0,0,0,1
898,5,1126.0,664.9,1336.74,1294.377,42.36304687500001,0,0,0,0
899,1,1092.0,390.55,589.11,593.8082,4.698227539062486,0,0,0,0
900,11,273.0,502.37,862.61,935.9237,73.31370605468749,0,0,0,0
901,4,6.0,458.7,459.21,462.19952,2.9895239257812705,0,0,0,0
902,1,620.0,490.45,678.74,593.5131,85.22687744140626,0,0,0,0
903,5,659.0,2083.15,1645.06,1697.1162,52.056210937500055,0,0,0,0
904,12,353.0,2150.17,1765.67,1718.8241,46.84590332031257,0,0,0,0
905,13,618.0,1982.27,2000.39,1896.4297,103.9603125000001,0,0,0,0
906,2,1158.0,2355.92,1528.91,1512.8125,16.097500000000082,0,0,0,0
907,3,512.0,1251.6,1360.76,1395.3247,34.56470703125001,0,0,0,0
908,5,840.0,941.55,1676.48,1521.4199,155.06007812500002,0,0,0,0
909,7,1086.0,2319.81,1858.36,1894.9951,36.6351171875001,0,0,0,0
910,13,1152.0,864.45,1797.14,1958.8597,161.7197412109374,0,0,0,0
911,4,840.0,1375.42,1580.95,1612.2357,31.285717773437455,0,0,0,0
912,4,724.0,89.99,667.98,697.2519,29.271892089843732,1,1,0,1
913,3,327.0,2141.92,1438.41,1425.1066,13.303432617187582,0,0,0,0
914,13,1055.0,2005.84,1997.52,1974.1608,23.359233398437482,0,0,0,0
915,1,931.0,327.97,609.73,561.96484,47.76515625000002,0,1,0,0
916,10,108.0,2181.67,1632.42,1589.3547,43.06526367187507,0,0,0,0
917,13,1204.0,24.47,1344.17,1416.559,72.38895996093743,0,0,0,0
918,5,517.0,919.25,1288.31,1311.9781,23.668149414062555,0,0,0,0
919,8,897.0,1536.36,1944.62,1865.2576,79.36243164062489,0,0,0,0
920,12,988.0,2492.79,1753.84,1819.9718,66.13180175781258,0,1,0,1
921,1,1041.0,1630.25,1466.95,1443.841,23.109057617187545,0,0,0,0
922,10,454.0,2359.42,1619.0,1621.9198,2.9197998046875,0,0,0,0
923,5,406.0,1084.16,1399.39,1428.1404,28.7503808593749,0,0,0,0
924,4,103.0,1790.07,1394.55,1418.044,23.493945312500045,0,0,0,0
925,11,198.0,269.95,695.66,799.00696,103.34695800781253,0,1,0,0
926,4,477.0,18.97,631.5,638.74347,7.24346923828125,0,1,0,0
927,11,67.0,2455.53,1572.91,1574.7482,1.8381689453124181,0,0,0,0
928,7,789.0,185.73,966.26,1015.735,49.47498535156251,0,0,0,0
929,13,70.0,993.7,1492.02,1497.4663,5.446308593750018,0,0,0,0
930,12,59.0,858.62,1377.35,1270.2372,107.11281738281241,0,0,0,0
931,3,1027.0,180.0,804.96,755.1201,49.839882812500036,0,0,1,0
932,3,275.0,543.74,572.73,618.98804,46.25803710937498,0,0,0,0
933,12,180.0,384.42,873.97,865.78174,8.188261718750027,0,0,0,0
934,3,334.0,2449.89,1472.53,1423.9009,48.62912109374997,0,1,0,1
935,7,759.0,1694.02,1960.92,1837.4314,123.48860351562507,0,0,0,0
936,10,174.0,1991.96,1542.4,1593.9247,51.52468261718741,0,0,0,0
937,1,780.0,366.37,516.69,545.20703,28.517031249999945,0,0,0,0
938,9,934.0,415.5,1208.82,1216.2781,7.458076171875064,0,0,0,0
939,8,936.0,556.28,1277.26,1312.0494,34.78943847656251,0,0,0,0
940,1,1002.0,2320.13,1475.4,1457.3359,18.06406250000009,0,0,0,0
941,7,83.0,137.84,482.65,562.5191,79.86910400390627,0,0,0,0
942,9,191.0,789.52,1058.5,1083.7185,25.218505859375,0,0,0,0
943,3,280.0,1090.37,1256.92,1231.019,25.900957031250073,0,0,0,0
944,5,644.0,2383.17,1785.53,1682.8074,102.72262695312497,0,0,0,0
945,10,498.0,992.86,1395.03,1479.5936,84.56362792968753,0,0,0,0
946,4,317.0,1793.28,1518.93,1498.4078,20.522163085937564,0,0,0,0
947,4,1100.0,370.61,860.32,877.36395,17.0439526367187,0,0,0,0
948,4,263.0,2469.06,1503.98,1480.3794,23.600605468750018,0,0,0,0
949,4,932.0,1287.34,1513.28,1589.3829,76.10293457031253,0,0,0,0
950,14,343.0,2013.4,1839.05,1873.3304,34.280444335937545,0,0,0,0
951,2,274.0,888.24,917.79,924.8007,7.010720214843786,0,0,0,0
952,1,759.0,330.29,500.92,525.0938,24.173811035156234,0,0,0,1
953,8,204.0,2178.45,1506.38,1508.1279,1.7479296874998909,0,0,0,0
954,10,396.0,2068.65,1556.68,1618.9098,62.229790039062436,0,0,0,0
955,6,840.0,870.82,1496.46,1544.1681,47.708090820312464,0,0,0,0
956,7,756.0,1473.59,1961.96,1827.1025,134.85746093750004,0,0,0,1
957,4,1048.0,279.75,780.15,850.70337,70.55336914062502,0,0,0,0
958,9,800.0,39.96,1158.68,1067.6268,91.05316894531256,0,0,0,0
959,3,240.0,1895.67,1386.33,1393.6953,7.365312500000073,0,0,0,0
960,13,997.0,920.48,2124.16,1961.6783,162.48165527343735,0,0,0,0
961,2,826.0,2163.39,1523.26,1510.5463,12.713735351562491,0,0,0,1
962,6,194.0,914.25,1168.72,1210.5896,41.86959960937497,0,0,0,0
963,4,333.0,1934.76,1467.52,1507.0203,39.50026367187502,0,0,0,0
964,8,1053.0,1864.01,1794.57,1854.7184,60.148383789062564,0,0,0,0
965,12,466.0,1291.33,1770.37,1781.4133,11.04333007812511,0,0,0,0
966,8,916.0,2417.62,1755.05,1703.4465,51.603466796874955,0,0,0,0
967,11,322.0,1251.3,1732.46,1663.8146,68.64542480468754,0,0,0,0
968,13,11.0,1114.96,1555.48,1572.3802,16.900249023437482,0,0,0,0
969,7,250.0,364.79,718.71,739.65674,20.946738281249964,0,1,0,1
970,5,247.0,296.51,594.93,631.14,36.21001464843755,0,0,0,0
971,14,1158.0,2104.61,1899.69,2045.5458,145.85577636718745,0,0,0,0
972,11,1095.0,1071.83,2159.33,2101.118,58.21208007812493,0,0,0,0
973,11,1149.0,270.81,1284.51,1311.5936,27.08362792968751,0,0,0,0
974,9,14.0,1057.38,1372.31,1342.9896,29.320375976562445,0,0,0,0
975,4,184.0,983.77,1202.69,1158.6057,44.084287109375055,0,0,0,0
976,6,135.0,2488.22,1561.2,1576.4736,15.273632812499955,0,0,0,0
977,5,717.0,1508.97,1722.49,1705.68,16.80994628906251,0,1,0,0
978,1,389.0,1964.96,1228.94,1222.6971,6.242856445312555,0,0,0,0
979,3,1136.0,1296.54,1536.6,1475.7152,60.88479003906241,0,0,0,0
980,13,145.0,2202.42,1716.13,1737.6074,21.47742187499989,0,0,0,0
981,1,1122.0,861.5,1081.05,1077.4841,3.5658691406249545,0,0,0,0
982,14,383.0,97.95,1203.93,1147.8655,56.064521484375064,0,1,0,0
983,1,309.0,1211.37,1110.55,1093.7573,16.792675781249955,0,0,0,0
984,14,1090.0,2248.68,1905.5,1988.6492,83.149169921875,0,0,0,0
985,3,278.0,994.9,1167.78,1140.1344,27.645600585937473,0,0,0,0
986,7,1109.0,2397.29,1917.57,1889.7125,27.857475585937436,0,0,0,1
987,12,643.0,2194.16,1758.03,1809.9158,51.88577148437503,0,0,0,0
988,11,176.0,1050.67,1444.13,1483.0361,38.90613281249989,0,0,0,0
989,7,309.0,1021.75,1309.85,1375.0669,65.21689453125009,0,0,0,0
990,3,992.0,1897.41,1539.0,1533.2727,5.727294921875,0,0,0,0
991,3,175.0,440.19,431.17,478.67108,47.501081542968734,0,0,0,1
992,5,895.0,2329.69,1791.96,1725.5776,66.38236328125004,0,0,0,1
993,8,372.0,348.37,950.24,834.6321,115.60791992187501,0,0,0,0
994,5,567.0,193.11,718.3,791.2203,72.9202758789063,0,0,0,0
995,8,978.0,710.43,1624.58,1538.5105,86.06950195312493,0,0,0,0
996,1,1082.0,1809.49,446.94,432.99304,13.946958007812498,1,1,0,1
997,11,636.0,2238.97,1699.94,1741.2554,41.315371093749945,0,1,0,0
998,6,370.0,315.09,946.39,808.4241,137.965927734375,0,0,0,1
999,8,413.0,222.83,802.95,832.78906,29.839062499999955,0,0,0,0
1000,3,399.0,141.39,546.04,547.0024,0.9623803710937864,0,0,0,1
