trip_duration_days,miles_traveled,total_receipts_amount,actual_reimbursement,predicted_reimbursement,error,abs_error,pct_error
3,93.0,1.42,364.51,343.66708,20.842916259765616,20.842916259765616,5.718064321902174
1,55.0,3.6,126.06,153.35893,-27.298932495117185,27.298932495117185,21.655507294238607
1,47.0,17.97,128.91,151.76865,-22.85864624023438,22.85864624023438,17.732252145089117
2,13.0,4.67,203.52,278.9552,-75.43520019531249,75.43520019531249,37.065251668294266
3,88.0,5.78,380.37,380.80615,-0.43615234374999545,0.43615234374999545,0.11466528478849422
1,76.0,13.74,158.35,164.75345,-6.403448486328131,6.403448486328131,4.043857585303525
3,41.0,4.52,320.12,357.82977,-37.709772949218745,37.709772949218745,11.779886589159922
1,140.0,22.71,199.68,186.81305,12.866950683593757,12.866950683593757,6.443785398434374
3,121.0,21.17,464.07,363.12952,100.9404833984375,100.9404833984375,21.751133104582824
3,117.0,21.99,359.1,363.23376,-4.133764648437477,4.133764648437477,1.1511458224554378
2,202.0,21.24,356.17,227.40924,128.76075927734377,128.76075927734377,36.1514892543852
3,80.0,21.05,366.87,364.46646,2.4035388183593795,2.4035388183593795,0.6551472778802789
2,21.0,20.04,204.58,263.39084,-58.81083862304686,58.81083862304686,28.747110481497145
3,177.0,18.73,430.86,346.8744,83.98561035156251,83.98561035156251,19.492552186687675
1,141.0,10.15,195.14,199.1698,-4.029799804687514,4.029799804687514,2.0650813798747123
1,58.0,5.86,117.24,153.35893,-36.11893249511719,36.11893249511719,30.80768721862606
1,133.0,8.34,179.06,198.28957,-19.22956604003906,19.22956604003906,10.73917460071432
1,59.0,8.31,120.65,153.35893,-32.70893249511718,32.70893249511718,27.110594691352823
2,89.0,13.85,234.2,233.73167,0.46832580566405113,0.46832580566405113,0.1999683200956666
2,147.0,17.43,325.56,227.0325,98.52749877929688,98.52749877929688,30.264006259766823
5,130.0,306.9,574.1,585.38135,-11.281347656249977,11.281347656249977,1.965049234671656
5,173.0,1337.9,1443.96,1370.6483,73.31168457031254,73.31168457031254,5.077127106728201
5,592.0,433.75,869.0,869.7452,-0.74517822265625,0.74517822265625,0.08575123390750863
5,679.0,476.08,1030.41,1020.151,10.258999023437582,10.258999023437582,0.9956230067097156
5,708.0,1129.52,1654.62,1623.5061,31.11389648437489,31.11389648437489,1.8804255046098133
5,261.0,464.94,621.12,708.83203,-87.71203125,87.71203125,14.121591842156105
5,794.0,511.0,1139.94,1122.8429,17.097104492187555,17.097104492187555,1.4998249462416928
5,521.0,1448.55,1624.01,1102.8201,521.189931640625,521.189931640625,32.092778470614405
5,595.0,863.93,1231.67,1238.8192,-7.149213867187427,7.149213867187427,0.5804488107356213
5,811.0,952.39,1608.6,1469.6825,138.9175048828124,138.9175048828124,8.635925953177447
5,477.0,704.42,1045.96,1064.4159,-18.455893554687464,18.455893554687464,1.7644932458877456
5,730.0,485.73,991.49,998.1286,-6.638601074218741,6.638601074218741,0.6695580463967101
5,262.0,1173.79,1485.59,1445.3469,40.24307617187492,40.24307617187492,2.708895197993721
5,446.0,219.98,788.62,783.98444,4.6355639648437545,4.6355639648437545,0.5878070509045871
5,751.0,407.43,1063.46,952.4765,110.98349853515629,110.98349853515629,10.436076442476095
5,324.0,128.94,686.54,699.0687,-12.528725585937536,12.528725585937536,1.8249083208462051
5,414.0,967.0,1368.94,1358.4036,10.536435546875055,10.536435546875055,0.7696784042306496
5,367.0,290.78,742.25,772.1595,-29.90948486328125,29.90948486328125,4.029570207245706
5,764.0,848.75,1468.46,1420.4973,47.962685546875036,47.962685546875036,3.2661894465545562
5,249.0,873.75,1185.24,1182.5745,2.665537109375009,2.665537109375009,0.22489429224250018
8,862.0,1817.85,1719.37,1742.3116,-22.94164550781261,22.94164550781261,1.3343053274055388
11,927.0,1994.33,1779.12,1842.859,-63.73900878906261,63.73900878906261,3.582614370535018
9,602.0,186.69,1085.4,1072.7981,12.601904296875091,12.601904296875091,1.1610378014441762
8,610.0,208.29,841.27,862.74945,-21.479450683593768,21.479450683593768,2.5532172410277045
12,333.0,1103.21,1618.13,1692.0596,-73.92957031249989,73.92957031249989,4.568827616600637
8,435.0,1129.65,1525.26,1535.2892,-10.029184570312509,10.029184570312509,0.6575393421654346
9,218.0,1203.45,1561.63,1523.1813,38.44872558593761,38.44872558593761,2.462089328838304
12,781.0,1159.18,1752.72,1781.2146,-28.494599609374973,28.494599609374973,1.6257359766177697
11,916.0,1036.91,2098.07,1936.4438,161.62615234375016,161.62615234375016,7.703563386529055
10,358.0,2066.62,1624.11,1565.5974,58.5125878906249,58.5125878906249,3.6027478366997867
12,566.0,2013.7,1752.03,1773.2677,-21.237700195312527,21.237700195312527,1.2121767432813666
9,954.0,1483.39,2024.2,1864.5643,159.63566894531255,159.63566894531255,7.88635850930306
9,534.0,1929.94,1624.87,1611.5455,13.32446777343739,13.32446777343739,0.8200328502241652
12,765.0,1343.97,1953.03,1940.556,12.473969726562473,12.473969726562473,0.6386983162861027
8,630.0,967.69,1388.05,1421.9576,-33.907641601562545,33.907641601562545,2.4428256620123587
10,909.0,696.0,1505.19,1553.9436,-48.753603515624945,48.753603515624945,3.2390331795736715
10,223.0,745.89,1037.45,1036.2152,1.2347900390625455,1.2347900390625455,0.11902164336233509
8,467.0,1178.71,1483.33,1534.776,-51.44600097656257,51.44600097656257,3.468277522639101
9,708.0,461.07,1110.6,1075.6449,34.95510253906241,34.95510253906241,3.147407035752063
9,885.0,1764.97,1694.37,1727.8679,-33.49791992187511,33.49791992187511,1.9770132805629888
6,855.0,591.35,1339.72,1340.2214,-0.5014355468749727,0.5014355468749727,0.03742838405599474
2,993.0,54.24,715.19,737.77704,-22.587038574218695,22.587038574218695,3.158187135477103
5,685.0,747.14,1216.36,1227.2635,-10.9035498046876,10.9035498046876,0.8964081196921636
3,981.0,341.45,813.95,790.03564,23.914355468750045,23.914355468750045,2.9380619778549106
5,770.0,873.33,1502.49,1420.7747,81.71534179687501,81.71534179687501,5.438661275407823
6,697.0,651.64,1237.71,1144.9653,92.74466796875004,92.74466796875004,7.493247042421086
3,795.0,450.85,743.94,819.54767,-75.6076684570312,75.6076684570312,10.16314063728677
3,606.0,1184.23,1364.54,1441.0345,-76.49454589843754,76.49454589843754,5.605885199293354
3,842.0,865.37,1251.14,1258.9089,-7.7689355468749,7.7689355468749,0.6209485386827133
7,748.0,241.73,971.31,1045.8723,-74.56231445312505,74.56231445312505,7.67646935099248
7,624.0,148.16,905.79,898.63025,7.159750976562464,7.159750976562464,0.7904427048833023
2,713.0,740.33,1048.28,1050.0269,-1.7468554687500273,1.7468554687500273,0.1666401599524962
3,874.0,1191.4,1515.99,1488.8749,27.11512207031251,27.11512207031251,1.7886082408401447
6,761.0,530.19,1120.1,1104.7233,15.376733398437409,15.376733398437409,1.3728000534271414
1,815.0,97.89,539.36,547.1141,-7.754074707031236,7.754074707031236,1.4376436344985235
1,601.0,497.7,644.12,656.779,-12.658991699218745,12.658991699218745,1.9653157329719222
7,817.0,1127.87,1809.91,1830.6191,-20.709140624999918,20.709140624999918,1.1442083100817122
1,606.0,923.0,1050.05,1062.1112,-12.061206054687545,12.061206054687545,1.1486315941800433
1,909.0,741.82,866.07,996.7058,-130.63581054687495,130.63581054687495,15.083747335304876
3,624.0,1160.92,1459.34,1450.4899,8.850131835937418,8.850131835937418,0.606447560947923
4,650.0,619.49,676.38,1067.8086,-391.42859375,391.42859375,57.87110703302877
6,204.0,818.99,628.4,1070.363,-441.963037109375,441.963037109375,70.3314826717656
1,263.0,396.49,198.42,220.35353,-21.933530883789075,21.933530883789075,11.054092774815581
1,451.0,555.49,162.18,552.04626,-389.8662646484375,389.8662646484375,240.39108684698328
10,424.0,474.99,831.96,962.59534,-130.63533691406246,130.63533691406246,15.7021175193594
2,565.0,389.49,415.96,450.75217,-34.792166748046895,34.792166748046895,8.364305882307649
9,397.0,348.49,913.29,902.3067,10.983298339843714,10.983298339843714,1.202607971164002
1,532.0,413.99,355.57,378.45822,-22.888221435546882,22.888221435546882,6.437050773559886
2,384.0,495.49,290.36,412.489,-122.12901367187499,122.12901367187499,42.06123903839199
5,754.0,489.99,765.13,1025.8776,-260.7475634765625,260.7475634765625,34.078857642042856
1,344.46,813.85,707.88,749.11035,-41.230351562500005,41.230351562500005,5.824483183943606
3,906.3,540.03,848.42,937.5763,-89.15629394531254,89.15629394531254,10.508509222473839
3,1007.56,187.52,764.64,773.2059,-8.565871582031264,8.565871582031264,1.1202489514060556
1,359.62,221.15,255.57,219.55693,36.013069458007806,36.013069458007806,14.091274194157297
1,362.79,749.19,636.51,727.02875,-90.51874755859376,90.51874755859376,14.221103762485075
1,288.72,159.26,303.94,235.71634,68.22366088867187,68.22366088867187,22.44642392862798
2,782.17,830.72,1165.44,1172.3998,-6.959780273437445,6.959780273437445,0.5971804874929164
2,623.18,347.54,625.15,611.26953,13.880468749999977,13.880468749999977,2.220342117891702
3,1061.15,388.5,693.36,712.04047,-18.680466308593736,18.680466308593736,2.6941944024163114
1,252.75,285.5,331.74,182.83537,148.90462707519532,148.90462707519532,44.88594292976286
3,1020.39,250.62,779.08,726.4414,52.63859375000004,52.63859375000004,6.756506873491815
1,257.97,816.81,738.01,750.7979,-12.787912597656259,12.787912597656259,1.7327560056986029
3,1025.03,592.55,992.4,1044.487,-52.08706054687502,52.08706054687502,5.248595379572251
2,794.32,402.31,671.06,696.54755,-25.487546386718805,25.487546386718805,3.7981024627781133
1,276.85,485.54,361.66,322.15515,39.504848632812525,39.504848632812525,10.923200971302473
2,851.68,473.96,650.68,684.26636,-33.58635742187505,33.58635742187505,5.161731945330278
3,859.12,611.07,960.47,992.1914,-31.721406249999973,31.721406249999973,3.302696206024131
3,1317.07,476.87,787.42,820.72076,-33.30076416015629,33.30076416015629,4.229098087444603
1,388.1,827.37,741.46,795.57733,-54.117331542968714,54.117331542968714,7.2987526694587315
1,264.39,758.27,636.19,681.86237,-45.672365722656195,45.672365722656195,7.179044895810401
5,198.21,594.83,807.48,620.2677,187.21229980468752,187.21229980468752,23.184759969867674
6,72.85,457.75,666.59,697.257,-30.667019042968718,30.667019042968718,4.600581923366494
8,297.64,481.09,835.08,836.9396,-1.859575195312459,1.859575195312459,0.22268228137573154
7,237.33,1262.27,1452.17,1410.8054,41.36458007812507,41.36458007812507,2.848466782685572
5,195.73,1228.49,511.23,1372.788,-861.5579638671875,861.5579638671875,168.52648785618752
8,276.28,1179.9,1522.6,1523.7189,-1.118872070312591,1.118872070312591,0.07348430778356699
8,302.24,1046.04,1353.77,1410.2524,-56.48244140625002,56.48244140625002,4.17223320107921
8,266.87,252.08,880.41,774.94745,105.46255126953122,105.46255126953122,11.97879979436072
9,310.69,239.64,828.16,851.1313,-22.971286621093782,22.971286621093782,2.773773983420327
6,222.08,709.07,1031.34,1015.1549,16.185092773437418,16.185092773437418,1.5693265822558438
8,264.94,720.67,1019.85,1028.2026,-8.352636718749977,8.352636718749977,0.8190063949355275
8,161.15,1230.37,1499.24,1508.7032,-9.463247070312491,9.463247070312491,0.6312029475142399
9,259.96,554.74,835.54,963.15796,-127.61795898437504,127.61795898437504,15.27371029326843
9,97.85,518.56,850.57,844.51135,6.05864746093755,6.05864746093755,0.7123043912832042
9,194.34,1054.93,1374.9,1386.7313,-11.831323242187409,11.831323242187409,0.8605224556104013
9,332.35,374.61,830.45,903.026,-72.57600097656245,72.57600097656245,8.73935829689475
5,126.44,696.14,845.35,811.7848,33.56520996093752,33.56520996093752,3.970569581940915
5,66.13,848.03,1050.25,991.08856,59.16143798828125,59.16143798828125,5.633081455680196
6,135.34,1144.13,1478.11,1395.8303,82.2796777343749,82.2796777343749,5.566546314846317
6,233.7,346.98,648.57,701.73083,-53.16083496093745,53.16083496093745,8.196622563630362
9,849.0,1007.41,1785.47,1769.9672,15.502836914062527,15.502836914062527,0.8682776475696891
6,806.0,1760.64,1718.76,1772.1528,-53.39283203125001,53.39283203125001,3.1064739714241667
8,891.0,1194.36,2016.46,1969.131,47.329018554687536,47.329018554687536,2.3471340147926334
9,1182.0,1342.24,2164.15,2159.2188,4.931250000000091,4.931250000000091,0.22786082295589913
7,1010.0,1514.03,2063.98,2054.2058,9.774189453125018,9.774189453125018,0.47356027932077915
8,892.0,1768.53,1902.37,1877.5863,24.78369628906239,24.78369628906239,1.3027800211873817
6,825.0,1692.73,1817.77,1774.0492,43.72080566406248,43.72080566406248,2.4051890868516086
8,1118.0,1758.52,1852.47,1853.5276,-1.0575878906249727,1.0575878906249727,0.05709068922168633
8,1064.0,1756.52,1857.04,1888.7571,-31.717080078125036,31.717080078125036,1.7079373668916682
6,811.0,1252.04,1771.8,1770.6761,1.1238525390624545,1.1238525390624545,0.0634299886591294
7,889.0,1417.96,1826.08,1836.5234,-10.443437500000073,10.443437500000073,0.5719047084465124
9,1012.0,1429.04,1880.76,1967.3574,-86.59742187500001,86.59742187500001,4.6043844974903765
6,909.0,1332.18,1720.21,1788.9758,-68.76583007812496,68.76583007812496,3.9975253066849374
9,1096.0,1690.22,1894.85,1909.3624,-14.512426757812591,14.512426757812591,0.7658878939131114
9,913.0,1021.29,1964.86,1963.1711,1.6888574218749,1.6888574218749,0.08595306647165192
6,1006.0,1219.71,1803.97,1838.0546,-34.08456542968747,34.08456542968747,1.889419748093786
6,907.0,1650.17,1737.86,1789.981,-52.1209570312501,52.1209570312501,2.9991459053807614
9,816.0,1171.81,1780.58,1806.7853,-26.205278320312573,26.205278320312573,1.471727095683012
7,1006.0,1181.33,2279.82,2213.2124,66.60759765625016,66.60759765625016,2.9216165160517127
6,835.0,1404.28,1765.79,1780.9471,-15.157143554687536,15.157143554687536,0.858377471538945
12,528.0,2476.41,1662.88,1681.107,-18.22705566406239,18.22705566406239,1.0961137101933025
4,69.0,2321.49,322.0,585.5517,-263.55169677734375,263.55169677734375,81.84835303644216
11,1179.0,31.36,1550.55,1516.1708,34.379223632812455,34.379223632812455,2.2172276697180004
13,756.0,954.4,1793.07,1775.3041,17.765922851562436,17.765922851562436,0.9908103337606695
1,123.0,2076.65,1171.68,1176.9451,-5.265068359374936,5.265068359374936,0.4493606069383224
3,1162.0,2152.66,1434.71,1453.5448,-18.834799804687464,18.834799804687464,1.3127949066144002
1,822.0,2170.53,1374.91,1455.2571,-80.34708007812492,80.34708007812492,5.843806509380608
11,558.0,1549.86,1823.47,1822.08,1.3900439453125273,1.3900439453125273,0.07623070000123541
2,753.0,1111.16,1353.87,1359.3809,-5.510859375000109,5.510859375000109,0.407044943384528
10,224.0,407.51,794.7,859.71014,-65.0101440429687,65.0101440429687,8.180463576565836
6,383.0,462.79,800.3,819.25574,-18.955737304687545,18.955737304687545,2.3685789459812003
8,1005.0,1391.37,1987.39,2036.9456,-49.5555566406249,49.5555566406249,2.4934993454040173
10,1145.0,311.43,1366.61,1363.9022,2.7077783203124,2.7077783203124,0.19813833649046914
5,1004.0,2367.63,1743.85,1678.545,65.30495605468741,65.30495605468741,3.744872325870196
5,873.0,1402.35,1676.79,1676.2334,0.5566015624999636,0.5566015624999636,0.03319447053596238
2,165.0,1813.32,1273.45,1274.9132,-1.4632080078124545,1.4632080078124545,0.11490109606285716
5,1076.0,190.33,879.65,936.4395,-56.78951416015627,56.78951416015627,6.455921577918066
12,986.0,2390.92,1760.0,1796.5718,-36.57177734375,36.57177734375,2.07794189453125
7,948.0,657.17,1578.97,1537.5444,41.42556640625003,41.42556640625003,2.623581601059553
3,429.0,2400.13,1411.95,1414.5587,-2.6087158203124545,2.6087158203124545,0.18475978755001626
4,362.0,646.43,788.53,892.59753,-104.06753417968753,104.06753417968753,13.19766326958867
2,622.0,1871.56,1494.23,1444.0732,50.15675781250002,50.15675781250002,3.356695944566768
1,140.0,255.99,150.34,176.06161,-25.72161499023437,25.72161499023437,17.108963010665406
8,123.0,612.55,851.24,870.517,-19.27702880859374,19.27702880859374,2.2645821165116464
4,87.0,2463.92,1413.52,1406.7484,6.771586914062482,6.771586914062482,0.4790584437476995
10,164.0,1144.9,1516.43,1503.0208,13.409248046875064,13.409248046875064,0.8842642289373768
1,989.0,2196.84,1439.17,1446.5383,-7.368330078124927,7.368330078124927,0.5119846910458755
4,470.0,1968.63,1501.1,1538.0361,-36.93613281250009,36.93613281250009,2.4606044109319893
1,37.0,1397.17,1092.94,1095.3132,-2.3732324218749454,2.3732324218749454,0.2171420592049834
8,488.0,439.7,1030.13,998.46655,31.66344726562511,31.66344726562511,3.0737331468479807
12,757.0,897.4,1780.07,1759.3813,20.688652343749936,20.688652343749936,1.1622381335424976
14,958.0,1727.76,2065.16,2038.1455,27.014492187499854,27.014492187499854,1.308106499617456
2,456.0,2390.7,1342.39,1364.7151,-22.3250878906249,22.3250878906249,1.6630850863478497
5,733.0,41.18,771.83,888.0939,-116.26387207031246,116.26387207031246,15.063404126596849
5,291.0,1279.7,1477.12,1470.064,7.056035156249891,7.056035156249891,0.4776886885459469
10,478.0,2091.79,1568.41,1587.7792,-19.369174804687418,19.369174804687418,1.2349560895867417
8,817.0,1455.73,1847.26,1742.9392,104.32079101562499,104.32079101562499,5.647325823956834
6,1043.0,1404.35,1807.42,1812.004,-4.584028320312427,4.584028320312427,0.25362275067844925
2,958.0,1855.58,1549.54,1545.9343,3.6056738281249636,3.6056738281249636,0.2326931752729819
9,524.0,474.75,935.4,952.34973,-16.949731445312523,16.949731445312523,1.812030302043246
6,45.0,81.59,522.58,556.5021,-33.92207519531246,33.92207519531246,6.491269316719442
8,342.0,2259.06,1502.02,1520.3839,-18.363911132812518,18.363911132812518,1.2226142882792852
12,379.0,1897.29,1682.98,1772.5441,-89.56406738281248,89.56406738281248,5.3217547078879415
6,333.0,1254.68,1585.02,1508.6047,76.41526367187498,76.41526367187498,4.821091448175732
2,634.0,1739.81,1490.51,1435.871,54.63902832031249,54.63902832031249,3.665794145648972
5,285.0,974.73,1282.84,1289.0911,-6.251064453125082,6.251064453125082,0.4872832506879332
12,33.0,1249.13,1707.38,1574.9402,132.4398144531251,132.4398144531251,7.7569032349638105
9,118.0,1285.82,1539.77,1465.8328,73.93723632812498,73.93723632812498,4.801836399470374
1,420.0,2273.6,1220.35,1232.6368,-12.286840820312591,12.286840820312591,1.006829255567058
11,312.0,2072.39,1586.22,1587.005,-0.7850048828124727,0.7850048828124727,0.04948902944184746
10,753.0,2054.02,1779.08,1756.8853,22.194746093749927,22.194746093749927,1.2475406442515191
5,125.0,96.38,570.99,565.1372,5.852792968750009,5.852792968750009,1.0250254765845301
6,597.0,888.84,1395.65,1385.0826,10.567358398437591,10.567358398437591,0.7571639306729904
12,1065.0,203.2,1408.25,1296.3474,111.902587890625,111.902587890625,7.946216076025209
1,214.0,540.03,402.81,366.46167,36.348330078125,36.348330078125,9.023691089626624
11,886.0,922.66,1852.24,1772.111,80.12903808593751,80.12903808593751,4.326061314189172
10,621.0,978.73,1656.28,1647.0927,9.187348632812473,9.187348632812473,0.5546977946248505
4,1000.0,2355.34,1699.56,1688.9128,10.647158203124945,10.647158203124945,0.6264655677425301
13,534.0,1765.96,1881.36,1872.5479,8.8121484374999,8.8121484374999,0.46839246276629143
6,475.0,1800.71,1671.23,1651.0299,20.200092773437518,20.200092773437518,1.208696156330219
11,623.0,2265.21,1739.18,1738.6737,0.5062939453125637,0.5062939453125637,0.029111072189915
1,620.0,973.91,1112.02,1178.4418,-66.42177246093752,66.42177246093752,5.973073547322667
13,1004.0,1757.75,1960.67,1967.2966,-6.626630859374927,6.626630859374927,0.33797787793840506
8,962.0,1929.63,1897.19,1865.8193,31.370664062500055,31.370664062500055,1.6535330706202358
14,516.0,1464.67,1842.1,1805.4585,36.64150390624991,36.64150390624991,1.9891158952418386
11,685.0,2272.75,1873.94,1840.5137,33.426328125000055,33.426328125000055,1.7837459110217004
3,307.0,266.21,540.97,451.5849,89.38510009765628,89.38510009765628,16.52311590248189
3,375.0,1346.21,1339.93,1372.8395,-32.909477539062436,32.909477539062436,2.456059461245172
4,1124.0,2177.18,1567.43,1687.2587,-119.82866699218744,119.82866699218744,7.644913456561851
3,779.0,2110.9,1520.73,1488.4095,32.32045410156252,32.32045410156252,2.1253249493047757
8,1173.0,671.25,1419.34,1598.1195,-178.77950683593758,178.77950683593758,12.595960575756168
14,47.0,1667.14,1745.18,1742.8383,2.3417431640625637,2.3417431640625637,0.13418347471679504
3,981.0,2008.83,1539.47,1536.1907,3.2793261718750273,3.2793261718750273,0.21301656881102116
5,516.0,1450.67,1547.5,1518.7191,28.7808837890625,28.7808837890625,1.8598309395193862
6,471.0,332.51,872.19,854.3664,17.823605957031305,17.823605957031305,2.0435462407309535
2,941.0,1565.77,1432.79,1492.6843,-59.894326171875036,59.894326171875036,4.180258528596307
10,377.0,301.96,837.36,860.2824,-22.922409667968736,22.922409667968736,2.737461745004387
7,273.0,285.83,793.58,783.8586,9.721418457031291,9.721418457031291,1.2250079962992124
1,458.0,834.7,737.28,832.68634,-95.40634033203128,95.40634033203128,12.940313087569349
11,772.0,932.31,1575.52,1608.6595,-33.13954589843752,33.13954589843752,2.1034036951887325
11,36.0,1541.47,1593.24,1584.5991,8.640878906250009,8.640878906250009,0.542346344948031
12,211.0,1048.29,1579.73,1575.235,4.495014648437518,4.495014648437518,0.2845432224771017
7,987.0,2164.1,1839.67,1842.4102,-2.7401562499999272,2.7401562499999272,0.14894824887071742
9,662.0,2275.59,1599.27,1620.1465,-20.876484375000018,20.876484375000018,1.3053758511695972
12,96.0,1164.37,1553.21,1675.8665,-122.65645507812496,122.65645507812496,7.896965322018591
5,569.0,1856.7,1623.81,1602.3615,21.448549804687445,21.448549804687445,1.320878046365489
12,128.0,477.17,874.99,928.43396,-53.44395996093749,53.44395996093749,6.107950943546497
4,886.0,2401.28,1698.0,1668.2894,29.7105712890625,29.7105712890625,1.7497391807457303
13,19.0,807.27,1331.53,1183.9401,147.58993652343747,147.58993652343747,11.08423666935311
8,275.0,2347.09,1454.47,1471.635,-17.165009765624973,17.165009765624973,1.1801556419606436
9,963.0,588.5,1434.42,1428.5178,5.902177734375073,5.902177734375073,0.41146789185699256
14,1056.0,2489.69,1894.16,1877.1221,17.037929687500082,17.037929687500082,0.8994979139829835
5,728.0,423.16,947.72,964.04236,-16.322358398437473,16.322358398437473,1.7222764527959178
4,286.0,1063.49,418.17,665.10205,-246.93205078124998,246.93205078124998,59.05063748744529
11,332.0,1352.48,1663.39,1669.0448,-5.6547998046874,5.6547998046874,0.33995634245050166
12,49.0,1118.38,1494.81,1507.8309,-13.020932617187555,13.020932617187555,0.8710760977774804
2,18.0,2503.46,1206.95,1216.6373,-9.687329101562455,9.687329101562455,0.8026288662796681
14,592.0,1268.36,1930.24,1796.2668,133.973154296875,133.973154296875,6.94075111368923
3,892.0,171.32,875.39,850.77106,24.618942871093736,24.618942871093736,2.8123399708808345
11,741.0,1872.39,1847.08,1842.022,5.058027343749927,5.058027343749927,0.27383910516869475
14,807.0,2358.41,1819.41,1933.6078,-114.19778808593742,114.19778808593742,6.276638475436401
5,873.0,1584.53,1796.7,1767.605,29.095019531250045,29.095019531250045,1.6193587984221096
3,1159.0,2209.44,1434.84,1466.0685,-31.228481445312582,31.228481445312582,2.1764434672376423
11,920.0,1338.65,1871.27,1871.2461,0.02390624999998181,0.02390624999998181,0.0012775414558017716
1,388.0,390.7,332.06,333.11017,-1.0501684570312477,1.0501684570312477,0.3162586451337854
9,576.0,1059.79,1547.5,1551.3447,-3.8447265625,3.8447265625,0.24844759693053312
9,524.0,2367.12,1640.78,1626.6157,14.164277343749973,14.164277343749973,0.8632648705950812
10,459.0,2183.11,1559.59,1616.6975,-57.10750976562508,57.10750976562508,3.6617001754066827
4,725.0,588.9,1097.95,1084.9889,12.961108398437545,12.961108398437545,1.1804825719238166
1,992.0,958.87,1222.41,1223.6499,-1.2399023437499181,1.2399023437499181,0.1014309719120359
10,536.0,2194.42,1615.13,1620.7386,-5.608647460937391,5.608647460937391,0.34725671995055446
11,1126.0,1593.03,2143.74,2121.877,21.86304687499978,21.86304687499978,1.0198553404330648
10,314.0,1098.8,1539.1,1538.6395,0.46047363281240905,0.46047363281240905,0.02991837000925275
1,9.0,2246.28,1120.22,1134.7328,-14.512788085937473,14.512788085937473,1.2955301713893228
11,706.0,1508.23,2030.59,1953.5364,77.05362304687492,77.05362304687492,3.7946421014027902
10,976.0,2166.02,1775.03,1795.3398,-20.309843750000027,20.309843750000027,1.1441972107513692
5,1028.0,653.19,1313.95,1294.4991,19.450854492187545,19.450854492187545,1.4803344489659078
8,1166.0,99.47,1149.07,1253.658,-104.58795898437506,104.58795898437506,9.101965849284646
12,882.0,1958.14,1944.88,1844.1119,100.76806152343761,100.76806152343761,5.181196861679775
11,448.0,732.79,1090.35,1272.7668,-182.4168457031251,182.4168457031251,16.730118375120384
7,623.0,1691.39,1800.86,1717.0927,83.7673486328124,83.7673486328124,4.65151919820599
3,127.0,293.49,303.2,398.19406,-94.99406127929689,94.99406127929689,31.33049514488684
12,218.0,486.02,1005.67,997.52814,8.141862792968709,8.141862792968709,0.8095958707099455
3,1166.0,530.44,785.59,1066.5663,-280.97628417968747,280.97628417968747,35.76627556100351
11,17.0,550.58,830.07,941.0473,-110.9773022460937,110.9773022460937,13.369631747454273
9,696.0,1749.97,1649.49,1633.3494,16.14063476562501,16.14063476562501,0.9785227413094356
4,305.0,125.79,664.43,521.003,143.4270092773437,143.4270092773437,21.58647401191152
12,104.0,1300.05,1779.92,1733.642,46.27803222656257,46.27803222656257,2.6000063051464433
1,303.0,931.53,857.42,861.15344,-3.733442382812541,3.733442382812541,0.43542748977310314
8,1012.0,2390.84,1732.12,1760.5664,-28.44640625000011,28.44640625000011,1.6422884240121995
9,938.0,2224.29,1913.87,1743.6273,170.2426806640624,170.2426806640624,8.895206083175054
3,471.0,288.19,535.67,649.3368,-113.66679199218754,113.66679199218754,21.21955532178161
5,72.0,977.67,1156.55,1049.7366,106.81342773437495,106.81342773437495,9.23552183082227
10,160.0,2272.56,1642.15,1566.9012,75.24875488281259,75.24875488281259,4.582331387681551
10,965.0,1851.28,1805.77,1806.5245,-0.7545361328125182,0.7545361328125182,0.041784730769285024
3,266.0,2178.16,1447.95,1450.0858,-2.1358154296874545,2.1358154296874545,0.14750615903086808
12,734.0,2491.82,1792.31,1791.6509,0.6591210937499454,0.6591210937499454,0.03677494929727254
12,64.0,1641.01,1710.72,1606.114,104.60598632812503,104.60598632812503,6.114734516935854
9,497.0,1845.08,1674.09,1627.5208,46.56924804687492,46.56924804687492,2.781764901939258
3,781.0,1801.38,1586.21,1566.4711,19.738930664062536,19.738930664062536,1.2444084115005287
3,158.0,1070.74,1183.16,1043.3975,139.76253906250008,139.76253906250008,11.81264909754387
3,1096.0,200.27,802.96,798.89575,4.064248046875036,4.064248046875036,0.5061582204437377
11,1116.0,2067.8,1987.44,1992.4888,-5.048769531249945,5.048769531249945,0.25403380888227794
10,831.0,39.86,982.64,1012.59796,-29.957961425781264,29.957961425781264,3.048721955729592
14,124.0,1064.64,1761.68,1760.7264,0.9535595703125637,0.9535595703125637,0.05412785354392192
4,10.0,1262.73,1261.41,1091.2601,170.14986816406258,170.14986816406258,13.488863110650982
5,955.0,106.86,897.78,864.12146,33.65854003906247,33.65854003906247,3.749085526416547
7,1176.0,2489.13,1921.16,1912.5508,8.609218750000082,8.609218750000082,0.44812606706365327
6,803.0,465.6,1012.0,1029.9125,-17.9124755859375,17.9124755859375,1.770007468966156
9,868.0,62.12,1022.81,1040.7579,-17.947934570312555,17.947934570312555,1.7547672168156896
1,181.0,128.05,225.12,244.34953,-19.229533081054683,19.229533081054683,8.54190346528726
3,70.0,631.88,564.16,562.90643,1.2535668945312182,1.2535668945312182,0.22220059815144963
8,1090.0,419.76,1189.47,1249.5734,-60.10336425781247,60.10336425781247,5.0529533538309055
14,1184.0,2269.89,1943.24,1945.3241,-2.084096679687491,2.084096679687491,0.10724854777008969
1,735.0,1676.9,1365.21,1374.1613,-8.951254882812464,8.951254882812464,0.6556687163742181
2,547.0,119.09,509.52,516.3237,-6.803730468750018,6.803730468750018,1.3353215710374506
11,265.0,218.66,949.34,936.6853,12.654697265625032,12.654697265625032,1.332999480231006
10,223.0,886.32,1305.54,1312.3801,-6.840126953125036,6.840126953125036,0.5239308602666357
12,959.0,1947.82,1833.24,1841.6688,-8.428823242187491,8.428823242187491,0.45977740187795874
11,498.0,1578.39,1793.52,1793.4656,0.05442382812498181,0.05442382812498181,0.0030344700993009174
14,127.0,988.4,1688.9,1658.7168,30.18320312500009,30.18320312500009,1.7871515853514175
3,621.0,214.08,779.66,668.2563,111.40371337890622,111.40371337890622,14.288755788280303
6,1193.0,2241.5,1839.47,1817.2251,22.244902343750027,22.244902343750027,1.2093104178785208
4,448.0,2055.97,1497.46,1513.586,-16.126059570312464,16.126059570312464,1.0768941788303168
8,466.0,2064.63,1558.12,1577.1548,-19.03478515625011,19.03478515625011,1.2216507814706254
12,229.0,1216.16,1696.65,1681.4888,15.161230468750091,15.161230468750091,0.8935980001031497
13,658.0,559.48,1573.12,1381.9717,191.1483203124999,191.1483203124999,12.150905227350737
13,1034.0,2477.98,1842.24,1837.179,5.061044921875009,5.061044921875009,0.274722344638864
4,842.0,2464.29,1611.66,1627.491,-15.830966796874918,15.830966796874918,0.9822770805799559
13,837.0,1218.93,1921.68,1938.587,-16.907036132812436,16.907036132812436,0.8798049692358996
11,927.0,1306.37,1804.68,1841.9862,-37.306206054687436,37.306206054687436,2.0671923030502604
4,1047.0,1657.68,1605.84,1684.6418,-78.80184570312508,78.80184570312508,4.907204061620403
4,262.0,1681.28,1435.34,1448.5653,-13.225307617187582,13.225307617187582,0.9214059119921122
7,1126.0,1103.75,2014.72,2059.2231,-44.50314453124997,44.50314453124997,2.2088997245895197
5,781.0,672.91,1125.36,1129.3479,-3.9879003906251,3.9879003906251,0.3543666373982637
5,831.0,591.65,1090.31,1140.0494,-49.739438476562555,49.739438476562555,4.561953799980056
7,1089.0,1026.25,2132.85,2042.5228,90.32717285156241,90.32717285156241,4.235045729965183
1,793.0,2171.07,1421.36,1427.5376,-6.1775976562501,6.1775976562501,0.4346258271127723
9,368.0,495.12,847.33,873.6261,-26.29609863281246,26.29609863281246,3.103407011767842
6,818.0,1130.38,1704.06,1692.9987,11.061342773437445,11.061342773437445,0.6491169778903
11,667.0,1915.95,1732.2,1746.7014,-14.501416015624955,14.501416015624955,0.8371675335195101
2,267.0,2116.93,1349.04,1350.9928,-1.9527978515625364,1.9527978515625364,0.14475462933363994
10,1083.0,2105.36,1844.58,1896.4323,-51.85225097656257,51.85225097656257,2.8110600232336127
13,529.0,1767.79,2015.18,1950.2601,64.91986816406256,64.91986816406256,3.221541905143092
9,1155.0,1346.4,2248.12,2165.126,82.99402343749989,82.99402343749989,3.691707890926636
7,1185.0,1768.01,2072.18,2022.5144,49.665595703124836,49.665595703124836,2.3967799951319306
5,763.0,1420.94,1777.14,1600.1494,176.9905859375001,176.9905859375001,9.959293355475657
7,368.0,1231.69,1550.04,1506.6807,43.359335937499964,43.359335937499964,2.7973043235980986
6,659.0,322.1,972.58,925.1064,47.47361572265629,47.47361572265629,4.8812041911880035
14,1138.0,518.18,1696.86,1683.1694,13.6905664062499,13.6905664062499,0.8068176753680268
6,172.0,1977.78,1603.89,1590.85,13.0400244140626,13.0400244140626,0.8130248591900068
6,628.0,311.47,903.3,907.6634,-4.3633911132812955,4.3633911132812955,0.48305005128764483
2,500.0,1246.48,1264.53,1318.2295,-53.69949218750003,53.69949218750003,4.246596932259418
8,7.0,2075.6,1422.12,1500.4454,-78.32543457031261,78.32543457031261,5.507652980783099
5,942.0,2092.87,1696.72,1715.9241,-19.204072265624973,19.204072265624973,1.1318350856726491
12,81.0,2485.34,1589.65,1585.868,3.781958007812591,3.781958007812591,0.23791136462822576
4,166.0,791.52,866.18,870.6415,-4.46147949218755,4.46147949218755,0.515075329860716
3,213.0,1724.85,1344.71,1345.4966,-0.7865820312499636,0.7865820312499636,0.058494547616211943
11,1004.0,167.15,1175.65,1227.0822,-51.43215332031241,51.43215332031241,4.374784444376507
5,116.0,478.1,624.04,601.596,22.443991699218714,22.443991699218714,3.5965629926316764
13,112.0,2299.56,1807.67,1777.4066,30.263383789062573,30.263383789062573,1.6741652950517834
1,43.0,2149.22,1134.47,1132.9775,1.4924609375000273,1.4924609375000273,0.13155578706356513
2,660.0,1944.4,1531.2,1476.9957,54.204272460937545,54.204272460937545,3.539986445985994
10,888.0,298.68,1171.54,1181.8418,-10.301796875000036,10.301796875000036,0.8793380401010666
10,860.0,2380.76,1759.97,1754.7048,5.265166015625027,5.265166015625027,0.2991622593353879
10,1187.0,1981.09,2013.21,1996.7166,16.493447265625036,16.493447265625036,0.8192611434289039
12,1139.0,124.65,1314.3,1312.4404,1.8595703124999545,1.8595703124999545,0.1414875076086095
5,966.0,359.51,927.98,1004.0789,-76.09891845703123,76.09891845703123,8.200491223628875
10,796.0,1352.08,2000.19,1884.0518,116.13824218750005,116.13824218750005,5.8063605051270155
9,72.0,1281.32,1515.54,1516.0907,-0.5506982421875364,0.5506982421875364,0.03633676723725777
10,215.0,2440.91,1638.66,1596.457,42.20296875000008,42.20296875000008,2.5754560891216043
7,671.0,1297.02,1703.2,1700.0326,3.1674072265625455,3.1674072265625455,0.18596801471128144
5,230.0,333.69,538.36,572.5197,-34.159714355468736,34.159714355468736,6.345143464497499
5,467.0,1243.31,1549.82,1462.1418,87.67815429687494,87.67815429687494,5.657312094106086
13,247.0,2339.61,1705.9,1704.0146,1.885351562500091,1.885351562500091,0.11051946553139638
14,777.0,1248.61,1837.25,1944.3037,-107.0537109375,107.0537109375,5.82684506395428
11,740.0,1171.99,902.09,1835.6207,-933.5307275390625,933.5307275390625,103.4853204823313
6,884.0,1798.31,1897.87,1751.5449,146.3250781249999,146.3250781249999,7.709963175823418
5,789.0,1853.31,1792.88,1697.2148,95.66515625000011,95.66515625000011,5.335837102873595
4,825.0,874.99,784.52,1002.24414,-217.72414062500002,217.72414062500002,27.75252901455667
2,301.0,769.23,731.28,763.86346,-32.58346435546878,32.58346435546878,4.455675576450713
12,1007.0,1353.77,1925.32,1973.1025,-47.782539062500064,47.782539062500064,2.4817972629225307
5,865.0,644.79,1202.46,1292.0679,-89.60787109374996,89.60787109374996,7.4520458970568635
14,81.0,1251.97,1682.62,1695.2965,-12.67650878906261,12.67650878906261,0.7533791818154194
8,1159.0,2175.27,1752.18,1757.0139,-4.833916015624936,4.833916015624936,0.2758801045340625
11,496.0,373.98,1152.99,1148.1434,4.846567382812509,4.846567382812509,0.4203477378652468
1,752.0,1632.35,1362.39,1372.2972,-9.9072412109374,9.9072412109374,0.7271956789860025
5,1014.0,1853.57,1749.31,1724.3081,25.001894531249945,25.001894531249945,1.429243217682969
9,686.0,145.66,972.95,978.36725,-5.4172485351562045,5.4172485351562045,0.5567859124473205
5,654.0,1272.89,1724.68,1592.2275,132.45246093750006,132.45246093750006,7.6798281963900585
8,621.0,2391.34,1593.12,1600.2456,-7.125605468750109,7.125605468750109,0.44727361835581186
9,1080.0,539.51,1306.91,1468.0254,-161.11539062499992,161.11539062499992,12.327963717853557
10,714.0,269.06,1067.81,1070.071,-2.2610449218750546,2.2610449218750546,0.21174599618612439
10,816.0,1425.64,1872.81,1874.6316,-1.8215917968750546,1.8215917968750546,0.09726516821647976
14,1122.0,1766.25,2239.35,2208.4412,30.90883789062491,30.90883789062491,1.3802593560910492
4,1202.0,1074.87,1501.24,1502.888,-1.647939453124991,1.647939453124991,0.10977188544969431
5,651.0,1573.3,1682.08,1423.2498,258.8302441406249,258.8302441406249,15.38751094719781
14,1100.0,237.69,1265.57,1313.7412,-48.171210937500064,48.171210937500064,3.806285779332638
14,296.0,485.68,924.9,1228.5211,-303.6211181640625,303.6211181640625,32.82745358028571
1,697.0,2148.5,1421.07,1404.4674,16.602592773437436,16.602592773437436,1.1683163231534996
6,1044.0,47.46,1133.45,1099.8,33.649951171875045,33.649951171875045,2.9688077261348136
12,398.0,2481.44,1755.18,1731.2266,23.953437500000064,23.953437500000064,1.3647282614888536
3,139.0,2428.89,1345.66,1338.2894,7.370571289062582,7.370571289062582,0.5477290912312606
6,84.0,852.7,1109.32,1120.4185,-11.098457031250064,11.098457031250064,1.000473896734041
2,423.0,1639.17,1367.64,1304.961,62.6789404296876,62.6789404296876,4.582999943675792
11,815.0,2385.6,1872.44,1850.6472,21.792783203125055,21.792783203125055,1.163870842490283
6,577.0,897.74,1257.31,1385.499,-128.18902343750005,128.18902343750005,10.19549859919193
8,200.0,1508.89,1461.33,1541.9401,-80.61006347656257,80.61006347656257,5.516212181818109
9,1102.0,540.6,1455.85,1477.6731,-21.82309570312509,21.82309570312509,1.4989934198664074
12,508.0,1970.54,1770.91,1762.376,8.534023437500082,8.534023437500082,0.48190046007420373
13,1024.0,1712.85,2097.69,2088.3079,9.382138671875055,9.382138671875055,0.447260494728728
7,1161.0,1499.97,1862.45,2042.343,-179.89301757812495,179.89301757812495,9.658944808082094
2,730.0,285.24,624.78,617.1408,7.639191894531223,7.639191894531223,1.222701093910052
13,996.0,1809.2,1956.89,1970.5237,-13.6336816406249,13.6336816406249,0.6967014824862358
5,1160.0,1901.83,1673.89,1707.0464,-33.1563867187499,33.1563867187499,1.9807984227607487
2,1139.0,306.43,726.14,704.2408,21.899216308593736,21.899216308593736,3.0158394123163217
14,191.0,2442.76,1798.47,1753.368,45.10195800781253,45.10195800781253,2.507795960333646
7,776.0,2447.82,1826.93,1800.01,26.919990234375064,26.919990234375064,1.473509671108092
14,414.0,1919.7,1918.89,1865.2651,53.6248632812501,53.6248632812501,2.7945772442010797
7,847.0,1994.62,1851.7,1831.1649,20.535083007812545,20.535083007812545,1.108985419226254
6,924.0,1227.21,1871.76,1776.7109,95.04906249999999,95.04906249999999,5.078058217933923
2,933.0,1589.58,1489.99,1495.3589,-5.368886718749991,5.368886718749991,0.3603303860260801
1,211.0,958.08,891.9,893.71643,-1.8164306640625227,1.8164306640625227,0.20365855634740698
10,773.0,865.92,1837.11,1802.1964,34.9135888671874,34.9135888671874,1.900462621573417
3,196.0,1211.68,1229.87,1159.516,70.35400878906239,70.35400878906239,5.72044271256819
14,49.0,954.02,1480.87,1504.322,-23.45202148437511,23.45202148437511,1.5836651079686341
5,477.0,655.24,935.38,941.3061,-5.9260913085937545,5.9260913085937545,0.6335490718845554
5,828.0,1606.84,1690.82,1706.5658,-15.745795898437564,15.745795898437564,0.9312520492091153
11,458.0,1364.29,1649.04,1659.9075,-10.867470703125036,10.867470703125036,0.6590180167324647
3,289.0,1245.67,1279.31,1288.3489,-9.038876953125055,9.038876953125055,0.7065431328704579
1,1060.0,501.67,658.14,678.6704,-20.530410156250014,20.530410156250014,3.119459409282222
5,1085.0,2486.43,1664.83,1671.8776,-7.047563476562573,7.047563476562573,0.4233203075726995
4,675.0,381.48,779.68,796.0658,-16.38579589843755,16.38579589843755,2.1016052609323763
8,415.0,1214.97,1473.75,1538.5957,-64.845703125,64.845703125,4.400047709923665
6,425.0,709.75,1114.9,1119.2012,-4.301171874999909,4.301171874999909,0.3857899251053824
7,313.0,2408.02,1637.65,1578.7919,58.85812988281259,58.85812988281259,3.5940603842586993
13,235.0,426.07,897.26,1043.8954,-146.6353857421875,146.6353857421875,16.342574698770424
7,635.0,1406.31,1630.66,1679.0503,-48.39029296874992,48.39029296874992,2.967528054208107
10,1009.0,2164.22,1889.87,1875.299,14.57104980468739,14.57104980468739,0.7710080484206528
3,692.0,450.7,748.57,768.0286,-19.4586254882812,19.4586254882812,2.599439663395701
2,91.0,1073.76,1013.78,912.5726,101.20742919921872,101.20742919921872,9.983174771569642
8,1187.0,1045.91,2047.06,2045.8837,1.1763330078124454,1.1763330078124454,0.05746451045951
14,600.0,1120.05,1847.84,1846.9623,0.8777197265624181,0.8777197265624181,0.04749976873335452
5,210.0,710.49,483.34,705.7828,-222.44277587890628,222.44277587890628,46.022008498966834
12,10.0,1203.1,1564.9,1556.3832,8.516821289062591,8.516821289062591,0.5442406089246975
1,452.0,275.05,282.89,246.96045,35.929550781249986,35.929550781249986,12.7008910817809
4,256.0,2218.74,1476.03,1482.6918,-6.661772460937527,6.661772460937527,0.4513304242418872
8,312.0,2383.17,1557.27,1546.516,10.754008789062482,10.754008789062482,0.6905680318160937
2,1175.0,816.2,1237.62,1259.6276,-22.00756347656261,22.00756347656261,1.7782165346845245
11,960.0,383.64,1248.46,1260.4033,-11.943320312499964,11.943320312499964,0.9566442106675395
6,690.0,1009.37,1559.83,1559.8981,-0.06807128906257276,0.06807128906257276,0.004364019736931125
14,487.0,579.29,1516.68,1502.6422,14.037788085937564,14.037788085937564,0.9255603084327322
8,75.0,315.71,593.83,597.9761,-4.146074218749959,4.146074218749959,0.6981921120101643
13,360.0,271.93,1017.64,1102.4614,-84.82142578125001,84.82142578125001,8.335111216269999
11,708.0,1871.77,1916.37,1890.6277,25.74231445312489,25.74231445312489,1.3432851930016068
3,182.0,347.82,384.77,416.42947,-31.659473876953143,31.659473876953143,8.228155489501038
10,683.0,2442.92,1643.68,1660.9235,-17.243461914062436,17.243461914062436,1.049076579021612
5,392.0,1264.6,1465.72,1466.061,-0.3410351562499727,0.3410351562499727,0.02326741507586529
10,175.0,1443.25,1635.5,1616.0564,19.443603515625,19.443603515625,1.1888476622210333
7,577.0,1959.13,1603.6,1701.5754,-97.97543945312509,97.97543945312509,6.109718100095105
13,799.0,951.92,1793.36,1801.4946,-8.1346289062501,8.1346289062501,0.453597097417702
13,608.0,370.89,1170.54,1174.2699,-3.7298974609375364,3.7298974609375364,0.3186475866640642
7,194.0,202.49,686.23,689.71515,-3.485148925781232,3.485148925781232,0.5078689252555604
13,889.0,232.72,1394.38,1385.8864,8.49364746093761,8.49364746093761,0.6091343436464671
7,901.0,136.8,1222.6,1008.77856,213.8214355468749,213.8214355468749,17.489075375991735
1,698.0,1525.82,1398.75,1357.7297,41.020263671875,41.020263671875,2.9326372598302055
9,592.0,793.55,1235.69,1246.4379,-10.747866210937445,10.747866210937445,0.869786614032439
14,1015.0,871.76,1846.41,2086.3015,-239.89151367187492,239.89151367187492,12.992320972691598
9,524.0,136.46,848.89,857.07324,-8.183242187500014,8.183242187500014,0.9639932367562363
5,781.0,2114.27,1789.85,1660.6296,129.2203613281249,129.2203613281249,7.219619595392067
3,200.0,58.24,494.63,388.071,106.55898559570312,106.55898559570312,21.54317077324528
5,503.0,2335.55,1649.42,1648.7272,0.6928271484375728,0.6928271484375728,0.04200428929184639
11,667.0,2221.67,1872.89,1739.7615,133.1285253906251,133.1285253906251,7.108187100717346
7,336.0,1843.58,1691.68,1271.195,420.48505371093756,420.48505371093756,24.85606342280677
4,217.0,1506.46,1455.37,1431.709,23.66101562499989,23.66101562499989,1.6257732140280405
8,207.0,1146.93,1479.01,1502.3267,-23.31666015625001,23.31666015625001,1.576504564286246
7,690.0,1807.71,1710.98,1717.0278,-6.047832031249982,6.047832031249982,0.35347181330290134
2,251.0,1916.43,1285.2,1261.7858,23.414233398437545,23.414233398437545,1.8218357764112625
4,627.0,956.98,1337.63,1110.1702,227.4598339843751,227.4598339843751,17.00468993551095
1,432.0,581.71,448.34,555.89343,-107.55343261718753,107.55343261718753,23.989256505595648
4,1194.0,2250.51,1691.15,1630.2985,60.85153808593759,60.85153808593759,3.598234224399822
10,64.0,455.9,774.64,807.63025,-32.990249023437514,32.990249023437514,4.258784599741495
8,15.0,377.85,657.8,646.2081,11.591870117187455,11.591870117187455,1.762218017206971
11,741.0,1207.39,1878.06,1873.9375,4.122499999999945,4.122499999999945,0.21950842891068154
8,638.0,1007.48,1483.06,1499.3646,-16.304624023437555,16.304624023437555,1.0993907207690556
12,965.0,1700.28,1879.09,1884.7882,-5.698208007812582,5.698208007812582,0.30324295312159516
8,1182.0,990.07,1840.75,1849.154,-8.404052734375,8.404052734375,0.45655590027841914
13,1062.0,869.28,2090.54,2085.9626,4.577353515624964,4.577353515624964,0.2189555576848548
1,754.0,1220.47,1346.14,1263.8074,82.3326269531251,82.3326269531251,6.116200911727242
14,767.0,186.47,1292.77,1223.1904,69.57957031249998,69.57957031249998,5.382207996201952
11,775.0,1752.23,1809.29,1866.3032,-57.013222656250036,57.013222656250036,3.1511378859248675
8,592.0,1402.98,1561.41,1587.4797,-26.069736328124918,26.069736328124918,1.6696278573933123
6,957.0,727.75,1448.72,1447.8635,0.8564746093750273,0.8564746093750273,0.05911940260195395
9,800.0,2167.72,1726.51,1716.731,9.779042968749991,9.779042968749991,0.5664052318694934
6,1198.0,222.6,1107.96,1165.2825,-57.322470703124964,57.322470703124964,5.173694962194029
3,1092.0,1737.65,1462.01,1541.3044,-79.29444335937501,79.29444335937501,5.42365943867518
12,958.0,2499.84,1791.69,1782.7977,8.892270507812555,8.892270507812555,0.4963063090050486
11,955.0,1282.19,2000.42,1900.3411,100.07893554687507,100.07893554687507,5.002896169148232
11,605.0,1880.69,1711.55,1768.6693,-57.119311523437545,57.119311523437545,3.337285590455292
7,670.0,1558.02,1702.81,1705.8141,-3.0040869140625546,3.0040869140625546,0.17641938408058178
11,844.0,1962.77,1787.57,1829.9911,-42.421088867187564,42.421088867187564,2.373114835625322
3,718.0,1158.02,1416.98,1423.6788,-6.698833007812482,6.698833007812482,0.47275423843755604
6,323.0,1477.23,1608.55,1553.8927,54.657299804687455,54.657299804687455,3.3979235836428745
14,616.0,2374.41,1828.37,1931.3193,-102.94933593750011,102.94933593750011,5.630662061699772
8,752.0,1519.78,1662.92,1658.8242,4.095781250000073,4.095781250000073,0.24630055865586273
1,1166.0,1423.69,1412.13,1467.8652,-55.73523437499989,55.73523437499989,3.9468911768038275
3,1187.0,1632.14,1451.85,1557.9045,-106.05454101562509,106.05454101562509,7.3047863770792505
3,1013.0,166.52,711.07,781.13873,-70.0687329101562,70.0687329101562,9.853985249012922
5,741.0,429.24,951.92,963.01294,-11.092939453125041,11.092939453125041,1.1653226587449619
14,467.0,2176.26,1809.83,1820.3939,-10.563920898437573,10.563920898437573,0.5836968609448165
3,224.0,358.77,406.36,419.26202,-12.902023925781236,12.902023925781236,3.1750231139337624
3,712.0,512.23,751.16,787.54626,-36.38626464843753,36.38626464843753,4.844009884503639
12,218.0,901.03,1371.86,1374.2275,-2.3675390625001,2.3675390625001,0.1725787662370869
6,373.0,587.38,956.61,975.5064,-18.896408691406236,18.896408691406236,1.9753513648619851
8,562.0,2479.33,1478.31,1613.3381,-135.02813476562505,135.02813476562505,9.133952605720387
5,132.0,2387.03,1454.05,1528.6434,-74.59343261718755,74.59343261718755,5.13004591432121
3,98.0,871.46,866.05,946.71216,-80.66215820312505,80.66215820312505,9.313799226733451
14,545.0,1206.76,1977.89,1835.0037,142.8863378906251,142.8863378906251,7.224180206716506
1,869.0,1498.88,1398.94,1394.0345,4.905454101562555,4.905454101562555,0.3506550746681455
2,875.0,393.25,640.56,663.4824,-22.922421875000055,22.922421875000055,3.5784972328899802
8,888.0,2296.07,1718.71,1733.5344,-14.824423828124964,14.824423828124964,0.8625320052903028
1,716.0,1396.41,1376.59,1349.3054,27.284580078124918,27.284580078124918,1.9820411362951147
8,1025.0,1031.33,2214.64,2182.404,32.23594726562487,32.23594726562487,1.4555840798335113
9,1064.0,2016.76,1810.94,1775.4333,35.506650390625055,35.506650390625055,1.9606751405692653
4,463.0,1963.41,1607.34,1600.1766,7.163364257812418,7.163364257812418,0.4456657743733385
1,678.0,1478.57,1370.31,1362.9498,7.360170898437445,7.360170898437445,0.5371172142389273
1,436.0,1358.14,1154.03,1211.7893,-57.75930664062503,57.75930664062503,5.005009110735859
5,586.0,2135.36,1661.61,1653.8721,7.7379296874999,7.7379296874999,0.46568868070725983
1,797.0,126.8,543.18,510.08362,33.09638183593745,33.09638183593745,6.093078139095227
14,481.0,939.99,877.17,1672.972,-795.8020458984375,795.8020458984375,90.72381019624902
7,172.0,1486.86,1557.94,1557.429,0.5110449218750546,0.5110449218750546,0.03280260612572079
10,1192.0,23.47,1157.87,1437.6754,-279.8054150390626,279.8054150390626,24.165529380592176
7,981.0,658.85,1351.69,1367.3679,-15.677919921874945,15.677919921874945,1.1598754094411399
10,692.0,1671.71,1701.23,1733.0837,-31.853740234374982,31.853740234374982,1.8723946929207091
13,710.0,2223.86,1979.83,1966.5651,13.264936523437427,13.264936523437427,0.6700038146425414
12,380.0,1526.79,1787.41,1744.2385,43.17147460937508,43.17147460937508,2.415309000697942
3,133.0,1728.5,1373.4,1186.9551,186.4449218750001,186.4449218750001,13.575427542959083
4,730.0,799.25,1250.66,1053.1198,197.54024902343758,197.54024902343758,15.794880225116144
12,1070.0,1055.51,2030.76,2030.2307,0.5292871093749909,0.5292871093749909,0.02606349885633905
8,1185.0,554.98,1545.67,1467.7566,77.91340820312507,77.91340820312507,5.040753084625118
11,456.0,2223.72,1600.1,1652.84,-52.73996582031259,52.73996582031259,3.296041861153215
12,85.0,1056.43,1466.31,1484.4656,-18.155576171875055,18.155576171875055,1.2381812967159096
2,543.0,103.37,544.12,544.1376,-0.017573242187495453,0.017573242187495453,0.0032296629764565635
6,367.0,1947.68,1606.76,1619.784,-13.024057617187509,13.024057617187509,0.8105789051997504
1,481.0,1792.17,1215.84,1224.9541,-9.114101562500082,9.114101562500082,0.7496135644904003
5,233.0,1862.04,1562.23,1544.7405,17.489521484375018,17.489521484375018,1.1195228285447736
1,45.0,1070.22,922.69,631.3882,291.30181640625005,291.30181640625005,31.570930258943964
5,152.0,2444.81,1523.75,1533.0161,-9.26611328125,9.26611328125,0.6081124384741592
7,344.0,1242.05,1514.4,1523.6168,-9.216821289062409,9.216821289062409,0.6086120766681463
5,320.0,1584.55,1584.73,1511.7948,72.93520019531252,72.93520019531252,4.60237391828971
9,989.0,378.12,1193.72,1248.1858,-54.46579101562497,54.46579101562497,4.562694016655914
10,57.0,936.89,1237.07,1343.6343,-106.56427734375006,106.56427734375006,8.614247968486026
12,342.0,2253.61,1659.5,1666.9528,-7.4527587890625,7.4527587890625,0.4490966429082555
2,983.0,2109.93,1519.98,1500.3923,19.587666015625018,19.587666015625018,1.2886791941752536
10,886.0,1990.03,1749.93,1793.4467,-43.516655273437436,43.516655273437436,2.486765486244446
10,5.0,836.86,1116.56,1143.3397,-26.779721679687555,26.779721679687555,2.3984131331668297
3,80.0,517.54,457.49,537.78436,-80.29436279296874,80.29436279296874,17.551064021720418
8,482.0,1411.49,631.81,915.4701,-283.66009277343755,283.66009277343755,44.89642341422858
4,11.0,312.01,426.22,447.12802,-20.908021240234348,20.908021240234348,4.905452874157558
12,1075.0,2328.11,1798.38,1848.8773,-50.49731933593739,50.49731933593739,2.80793377016745
13,632.0,268.91,1396.28,1148.8646,247.41537597656247,247.41537597656247,17.71961039165228
8,323.0,46.48,703.45,842.96094,-139.51093749999995,139.51093749999995,19.832388584831893
11,527.0,1550.32,1806.06,1802.3508,3.7091699218749454,3.7091699218749454,0.2053735713029991
5,948.0,898.6,1499.68,1457.6525,42.027534179687564,42.027534179687564,2.802433464451587
5,504.0,1502.63,1628.66,1536.3253,92.33468261718758,92.33468261718758,5.669365160143158
10,793.0,1422.29,2007.62,1889.2743,118.34570800781239,118.34570800781239,5.894826112900469
13,32.0,232.43,805.12,832.5609,-27.440913085937495,27.440913085937495,3.408301009282777
9,768.0,1815.6,1666.18,1661.0159,5.164130859375064,5.164130859375064,0.3099383535617438
9,994.0,1742.62,1849.58,1885.8915,-36.31147949218757,36.31147949218757,1.9632283811561313
1,1105.0,1432.3,1387.17,1448.8789,-61.70890624999993,61.70890624999993,4.448546771484383
12,178.0,507.59,907.19,1034.4762,-127.28619628906245,127.28619628906245,14.030820036493175
10,472.0,431.95,924.65,1002.4431,-77.79311523437502,77.79311523437502,8.413249903679773
5,716.0,1111.23,1492.08,1603.1035,-111.02351562500007,111.02351562500007,7.440855424977218
3,771.0,725.67,1166.93,1157.9677,8.962348632812564,8.962348632812564,0.7680279565023235
13,1054.0,1131.25,2162.03,2156.7463,5.2836621093752,5.2836621093752,0.24438431054958532
10,872.0,2191.27,1776.62,1772.1682,4.451787109374891,4.451787109374891,0.250576212660833
12,1077.0,32.55,1387.43,1347.8999,39.530097656250064,39.530097656250064,2.8491597886920466
12,211.0,749.56,1285.23,1284.5919,0.6380810546875182,0.6380810546875182,0.049647226931173266
4,199.0,1310.01,1400.57,1144.8429,255.72710449218744,255.72710449218744,18.258787814403238
2,1029.0,1702.6,1577.55,1550.7343,26.815747070312455,26.815747070312455,1.6998350017630157
10,643.0,2263.77,1685.92,1667.4369,18.483110351562573,18.483110351562573,1.096321910384987
10,797.0,1706.73,1724.42,1754.2336,-29.813642578124927,29.813642578124927,1.728908420113715
12,657.0,322.5,1113.16,1138.9365,-25.776523437499918,25.776523437499918,2.315617111421531
8,177.0,486.06,751.58,751.80475,-0.22474853515620907,0.22474853515620907,0.029903474700791542
2,222.0,456.24,437.4,283.99597,153.40402832031248,153.40402832031248,35.07179431191415
3,555.0,2342.76,1458.63,1368.9741,89.65587890625011,89.65587890625011,6.146581306174294
2,785.0,1964.63,1522.76,1518.1783,4.581655273437491,4.581655273437491,0.3008783572879174
5,104.0,281.67,464.68,510.41266,-45.73265869140624,45.73265869140624,9.841753183138126
1,673.0,2026.16,1372.83,1375.6903,-2.8603076171875728,2.8603076171875728,0.2083511882161355
10,877.0,1711.12,1897.37,1832.4369,64.93311035156239,64.93311035156239,3.422269264906813
1,250.0,1300.17,1145.33,1111.1835,34.14652832031243,34.14652832031243,2.981370288066534
1,467.0,296.49,221.23,275.26233,-54.03232910156251,54.03232910156251,24.423599467324735
10,1026.0,828.82,1865.67,1857.3577,8.312333984375073,8.312333984375073,0.4455414936390183
11,1106.0,2250.54,2050.62,1993.7839,56.83606445312489,56.83606445312489,2.7716526929965033
12,452.0,816.56,1243.1,1295.008,-51.90805664062509,51.90805664062509,4.17569436414006
14,865.0,2497.16,1885.87,1879.3181,6.551884765624891,6.551884765624891,0.3474197460919836
8,107.0,2450.89,1468.19,1482.2786,-14.088564453124945,14.088564453124945,0.9595872777450428
8,80.0,1092.18,1365.73,1366.5619,-0.8318896484374818,0.8318896484374818,0.06091172108963571
8,945.0,766.98,1625.53,1613.6749,11.855073242187473,11.855073242187473,0.7293051030856074
13,1140.0,1607.8,2214.64,2197.3206,17.319443359374873,17.319443359374873,0.7820432828529637
2,636.0,1438.19,1435.96,1373.661,62.298989257812536,62.298989257812536,4.338490574794043
14,865.0,1422.11,1921.18,1941.5801,-20.400078124999936,20.400078124999936,1.0618514727927595
12,482.0,1710.47,1746.74,1834.537,-87.79698730468749,87.79698730468749,5.026334045403867
2,68.0,756.61,648.53,594.0384,54.49160888671872,54.49160888671872,8.402326628948348
14,512.0,526.84,1306.64,1326.4816,-19.8415673828124,19.8415673828124,1.5185182898742116
14,1001.0,1647.24,2080.0,2083.0867,-3.086669921875,3.086669921875,0.14839759239783654
1,547.0,573.6,616.27,628.5798,-12.309772949218768,12.309772949218768,1.9974642525546868
10,5.0,1338.9,1610.25,1390.3368,219.9132080078125,219.9132080078125,13.657084800981991
3,1158.0,1107.4,1361.3,1458.1886,-96.88859863281255,96.88859863281255,7.117358306972198
1,993.0,1143.58,1328.85,1320.9149,7.935083007812409,7.935083007812409,0.5971391058292816
6,378.0,837.63,1215.96,1210.8838,5.076210937500036,5.076210937500036,0.4174652897710481
11,1156.0,2231.86,1988.56,1949.3682,39.191835937499945,39.191835937499945,1.970865145507299
5,1050.0,882.86,1430.04,1433.0347,-2.9946679687500364,2.9946679687500364,0.20941148280817576
8,836.0,735.52,1606.63,1499.0035,107.62645996093761,107.62645996093761,6.698895200571233
11,654.0,1516.42,1870.43,1953.4904,-83.06035644531244,83.06035644531244,4.440709165556179
8,633.0,1308.36,1639.12,1638.0024,1.1175585937498909,1.1175585937498909,0.06818040129764086
12,713.0,1642.01,1873.19,1929.619,-56.429018554687445,56.429018554687445,3.0124556801332187
5,96.0,1105.47,1312.16,1279.3046,32.85543457031258,32.85543457031258,2.503919839829943
7,1054.0,576.47,1344.18,1350.1104,-5.930351562499936,5.930351562499936,0.4411873084333896
12,495.0,1948.13,1831.92,1754.8098,77.11018554687507,77.11018554687507,4.209255073740942
1,1068.0,2011.28,1421.45,1425.9386,-4.4885986328124545,4.4885986328124545,0.3157760478956315
7,1000.0,1620.46,1971.23,1964.0284,7.201557617187518,7.201557617187518,0.36533319892592536
13,855.0,1798.75,1951.77,1952.3358,-0.5658154296875182,0.5658154296875182,0.028989862006666676
8,544.0,1279.51,1483.77,1555.2053,-71.43532226562502,71.43532226562502,4.81444713571679
11,816.0,544.99,1077.12,1097.5175,-20.39745605468761,20.39745605468761,1.8937032136333567
5,1080.0,2383.82,1664.76,1672.4056,-7.645639648437509,7.645639648437509,0.45926377666675733
8,1124.0,1908.69,1833.27,1777.8546,55.41538574218748,55.41538574218748,3.0227618268006067
3,29.0,1632.85,1269.1,1257.2129,11.887109374999909,11.887109374999909,0.936656636592854
6,470.0,2235.72,1628.6,1677.0482,-48.44821777343759,48.44821777343759,2.974838374888714
7,287.0,2293.5,1558.09,1562.6276,-4.537563476562582,4.537563476562582,0.29122601881551013
4,72.0,1367.29,1302.97,1294.5956,8.374418945312527,8.374418945312527,0.6427177099482357
6,344.0,233.31,800.18,783.28687,16.89313476562495,16.89313476562495,2.111166833165657
8,801.0,1241.21,1780.65,1786.6964,-6.046411132812409,6.046411132812409,0.33956202132998675
5,629.0,484.34,1029.87,973.74506,56.12494384765614,56.12494384765614,5.449711502195049
11,327.0,961.08,1356.46,1375.6624,-19.202353515624964,19.202353515624964,1.4156225407033722
14,94.0,105.94,1180.63,1172.8453,7.784663085937609,7.784663085937609,0.6593651767223947
4,1113.0,2103.82,1695.08,1688.7029,6.377119140624927,6.377119140624927,0.37621346134842765
14,267.0,2090.21,1968.4,1912.2887,56.11130371093759,56.11130371093759,2.850604740445925
1,979.0,1292.54,1313.53,1347.3458,-33.81582519531253,33.81582519531253,2.5744235149035446
10,625.0,519.94,1229.41,1220.9485,8.461513671875082,8.461513671875082,0.6882580808578977
14,457.0,848.61,1492.64,1503.4882,-10.8481591796874,10.8481591796874,0.7267766628046548
11,398.0,723.39,1154.77,1252.471,-97.70094726562502,97.70094726562502,8.460641276238993
14,68.0,438.96,866.76,989.9809,-123.22089599609376,123.22089599609376,14.21626470950364
3,769.0,2497.93,1587.8,1524.2546,63.545361328124955,63.545361328124955,4.00210110392524
13,694.0,1054.31,1815.02,1810.8362,4.183818359374982,4.183818359374982,0.23051086816536356
12,1088.0,1977.91,1883.21,1900.7217,-17.511679687499964,17.511679687499964,0.9298845953186295
9,101.0,950.23,1281.64,1286.2052,-4.5652001953124,4.5652001953124,0.3561998841572048
1,170.0,2452.85,1209.08,1182.692,26.387983398437427,26.387983398437427,2.1824844839412965
12,1135.0,475.95,1447.39,1445.6606,1.7293554687501,1.7293554687501,0.11948096012478322
3,1109.0,2092.26,1436.66,1450.7108,-14.050815429687418,14.050815429687418,0.978019533479558
7,753.0,358.13,1084.79,1085.1362,-0.3462304687500364,0.3462304687500364,0.03191681973008936
2,521.0,467.19,667.85,518.7412,149.10878906250002,149.10878906250002,22.326688487310026
12,1003.0,983.23,1996.18,2001.7305,-5.550468749999936,5.550468749999936,0.27805452163632216
3,269.0,708.05,799.12,711.12213,87.99786865234375,87.99786865234375,11.011846612817067
14,646.0,2418.19,1931.21,1921.0535,10.156533203125036,10.156533203125036,0.5259155246257546
14,1153.0,346.58,1292.93,1303.3015,-10.371513671874936,10.371513671874936,0.8021713218716354
4,18.0,289.06,380.88,428.8951,-48.01511108398438,48.01511108398438,12.606361868300876
13,1167.0,1074.36,2197.33,2187.244,10.086103515624927,10.086103515624927,0.4590163296193529
1,1113.0,1536.0,1403.6,1492.9863,-89.38632812500009,89.38632812500009,6.368361935380457
6,930.0,1907.95,1788.75,1781.8905,6.8594970703125,6.8594970703125,0.3834799200733753
5,714.0,617.72,1164.2,1076.3165,87.88347167968755,87.88347167968755,7.548829383240641
7,256.0,2180.53,1548.87,1551.8173,-2.947260742187609,2.947260742187609,0.19028457793020778
9,1063.0,2497.79,1761.94,1764.5009,-2.5608544921874454,2.5608544921874454,0.14534288864475778
11,512.0,2016.19,1710.53,1726.1187,-15.588652343750027,15.588652343750027,0.911334635683094
9,463.0,1024.53,1476.48,1463.1237,13.356342773437518,13.356342773437518,0.9046070907453889
12,714.0,2003.23,1829.06,1879.8975,-50.837460937500055,50.837460937500055,2.7794310157950015
9,1165.0,1868.79,1945.95,1873.2489,72.70109863281255,72.70109863281255,3.7360208963648884
1,872.0,2420.07,1456.34,1455.8143,0.5256689453124181,0.5256689453124181,0.03609520752794115
10,631.0,1220.71,1730.86,1687.1012,43.7588037109374,43.7588037109374,2.5281538490078574
9,633.0,888.17,1384.78,1383.107,1.6729443359374727,1.6729443359374727,0.12080939470078082
4,1065.0,119.34,781.82,820.3058,-38.48578613281245,38.48578613281245,4.922589103989722
12,947.0,193.05,1225.63,1235.4528,-9.82275878906239,9.82275878906239,0.8014456882633739
4,159.0,568.58,647.0,567.35944,79.64056396484375,79.64056396484375,12.309206176946484
1,292.0,449.83,363.02,332.6313,30.388713378906232,30.388713378906232,8.371085168559922
1,1115.0,926.13,1192.88,1238.6093,-45.72925292968739,45.72925292968739,3.8335166093561286
7,1168.0,667.94,1639.55,1494.7177,144.83234863281245,144.83234863281245,8.833664641689028
4,348.0,2047.08,1507.04,1505.6182,1.4218359374999636,1.4218359374999636,0.09434626403413073
8,77.0,1930.98,1485.69,1513.4587,-27.768740234374945,27.768740234374945,1.869080375742917
7,1033.0,1013.03,2119.83,2115.5327,4.297285156249927,4.297285156249927,0.20271838573139955
4,672.0,1603.52,1612.43,1608.4016,4.028388671875064,4.028388671875064,0.24983339877545466
4,1191.0,999.45,1478.93,1486.9961,-8.066093749999936,8.066093749999936,0.5454006443847874
8,392.0,661.27,978.13,969.8204,8.309626464843745,8.309626464843745,0.8495421329315884
7,951.0,584.4,1253.76,1245.386,8.374013671874991,8.374013671874991,0.6679120144106521
5,778.0,2423.47,1643.96,1655.5638,-11.603842773437464,11.603842773437464,0.7058470262924562
11,958.0,1999.13,1900.18,1880.8307,19.349311523437564,19.349311523437564,1.0182883476006253
3,186.0,1068.31,1152.04,1056.7045,95.33553222656246,95.33553222656246,8.275366499996743
5,1116.0,2460.46,1711.97,1704.7083,7.261748046875027,7.261748046875027,0.42417495907492697
13,63.0,107.92,710.25,865.39655,-155.14654541015625,155.14654541015625,21.84393458784319
6,170.0,476.99,600.23,627.3373,-27.107280273437482,27.107280273437482,4.516148855178429
3,870.0,413.23,795.8,795.32117,0.4788330078124545,0.4788330078124545,0.06017001857407069
12,852.0,1957.9,1944.89,1916.8247,28.0652929687501,28.0652929687501,1.4430272647167757
6,420.0,386.77,929.16,866.9488,62.21120849609372,62.21120849609372,6.69542473805305
6,668.0,1922.45,1796.98,1684.6204,112.35963867187502,112.35963867187502,6.252692777430746
8,795.0,1645.99,644.69,1651.4199,-1006.729921875,1006.729921875,156.15721073306548
4,420.0,927.74,1238.04,1101.7335,136.30647949218746,136.30647949218746,11.009860706615898
12,1074.0,2407.71,1843.97,1834.751,9.219023437500027,9.219023437500027,0.4999551748401561
12,916.0,2394.85,1740.85,1805.2677,-64.41770019531259,64.41770019531259,3.7003590312383374
4,1075.0,586.17,1023.65,1238.6498,-214.99978027343752,214.99978027343752,21.00325113793167
5,1143.0,1217.72,1745.09,1728.9767,16.113315429687418,16.113315429687418,0.9233515423094177
2,719.0,591.44,755.3,787.0713,-31.771289062500045,31.771289062500045,4.206446320998285
4,197.0,1858.84,1416.33,1440.5116,-24.181596679687573,24.181596679687573,1.7073419810134343
6,248.0,395.4,710.15,691.48474,18.665258789062477,18.665258789062477,2.628354402458984
10,834.0,1820.8,1883.49,1795.953,87.53699707031251,87.53699707031251,4.647595531184796
1,1112.0,2011.44,1423.85,1455.151,-31.30100097656259,31.30100097656259,2.1983355674096705
12,1189.0,1453.16,2162.13,2146.32,15.80993164062511,15.80993164062511,0.7312202152796136
14,269.0,1349.61,1832.34,1743.3945,88.94546874999992,88.94546874999992,4.854201117150743
7,671.0,1262.85,1600.42,1678.1306,-77.71061523437493,77.71061523437493,4.855638846951108
9,52.0,350.58,601.81,709.8928,-108.08282226562505,108.08282226562505,17.95962550732375
14,976.0,1526.58,1995.87,2031.1954,-35.32543457031261,35.32543457031261,1.7699266270003864
2,370.0,1554.5,1311.23,1341.3517,-30.121684570312482,30.121684570312482,2.2972083135920074
4,1180.0,1948.55,1565.16,1664.3042,-99.14419921874992,99.14419921874992,6.334444990847576
5,36.0,2022.94,1410.58,1403.0543,7.525678710937427,7.525678710937427,0.5335166180533842
5,691.0,1030.64,1465.26,1478.3516,-13.091562500000009,13.091562500000009,0.8934634467603025
8,52.0,2353.5,1485.05,1492.5253,-7.4752685546875455,7.4752685546875455,0.5033681394355439
11,24.0,2029.04,1569.37,1556.8513,12.51868164062489,12.51868164062489,0.7976883488676916
8,221.0,936.98,1287.0,1289.392,-2.3919677734375,2.3919677734375,0.18585608185217561
1,85.0,89.83,175.53,197.74129,-22.21128723144531,22.21128723144531,12.65384107072598
7,803.0,12.75,1146.78,1139.7719,7.008149414062473,7.008149414062473,0.6111154200511408
12,893.0,910.41,1862.13,1786.6892,75.44079101562511,75.44079101562511,4.051317094704726
14,113.0,1091.13,1703.02,1710.9456,-7.925556640625018,7.925556640625018,0.46538247587374304
5,516.0,1878.49,669.85,767.4035,-97.55350341796873,97.55350341796873,14.56348487242946
14,904.0,2005.96,1970.01,1961.9779,8.032094726562491,8.032094726562491,0.4077184748586297
1,1058.0,1601.04,1465.9,1485.4744,-19.57436523437491,19.57436523437491,1.3353138163841263
14,555.0,313.73,1201.26,1169.0363,32.22374511718749,32.22374511718749,2.6824954728524624
7,738.0,730.28,1429.72,1333.2145,96.50552246093753,96.50552246093753,6.749959604743414
8,792.0,2437.24,1556.7,1572.8163,-16.116284179687455,16.116284179687455,1.0352851660363238
5,831.0,432.8,901.36,923.1507,-21.790695800781236,21.790695800781236,2.4175352579192815
7,709.0,320.8,1116.62,1103.087,13.53296386718739,13.53296386718739,1.2119578609721653
9,1078.0,161.85,1260.96,1227.7158,33.244179687500036,33.244179687500036,2.6364182596989623
2,616.0,968.93,1163.1,1246.3405,-83.24045410156259,83.24045410156259,7.156775350491153
2,570.0,2297.12,1423.86,1435.3707,-11.5107275390626,11.5107275390626,0.8084170872882588
9,13.0,986.41,1271.52,1327.7036,-56.18361328125002,56.18361328125002,4.418618132726974
7,381.0,2106.96,1705.27,1672.3657,32.90427734374998,32.90427734374998,1.9295640774628053
9,460.0,2424.47,1624.68,1622.0315,2.6485058593750637,2.6485058593750637,0.163017077786091
4,425.0,1286.54,1449.26,1437.7672,11.492788085937491,11.492788085937491,0.7930107838439956
11,437.0,1053.24,1630.47,1605.7906,24.679350585937527,24.679350585937527,1.5136341414400465
9,1000.0,1901.79,1778.65,1803.3418,-24.69179687499991,24.69179687499991,1.3882324726618451
1,553.0,1687.11,1295.34,1295.784,-0.44405761718758185,0.44405761718758185,0.03428116302959701
10,5.0,1094.06,1361.08,1345.5753,15.504682617187427,15.504682617187427,1.1391455768351182
12,931.0,864.21,1663.58,1672.9706,-9.390581054687573,9.390581054687573,0.5644802807612241
6,436.0,914.53,1389.11,1358.0605,31.0494531249999,31.0494531249999,2.2352047803989534
3,1074.0,247.32,636.02,691.82965,-55.80965087890627,55.80965087890627,8.774826401513517
9,896.0,1398.54,1727.1,1736.2778,-9.177832031250091,9.177832031250091,0.5314013103613046
1,462.0,2047.57,1202.9,1227.1567,-24.25673828124991,24.25673828124991,2.0165215962465632
3,665.0,2418.16,1490.96,1489.3839,1.5760888671875364,1.5760888671875364,0.1057096680787906
11,532.0,2419.86,1653.69,1702.8511,-49.161074218749945,49.161074218749945,2.972810757684327
9,483.0,52.64,949.04,1014.84155,-65.80155273437504,65.80155273437504,6.933485704962387
12,296.0,326.83,981.72,984.1756,-2.4555981445312227,2.4555981445312227,0.25013223164764115
9,131.0,1990.0,1557.2,1500.6245,56.575488281250045,56.575488281250045,3.633154911459674
6,836.0,2035.17,1718.79,1714.1315,4.658530273437464,4.658530273437464,0.2710354536294407
10,532.0,1223.36,1631.49,1616.3088,15.181162109375009,15.181162109375009,0.9305090505841291
14,595.0,2140.61,1989.13,1968.236,20.89403808593761,20.89403808593761,1.0504108874702813
7,623.0,1894.02,1739.49,1732.6735,6.816538085937509,6.816538085937509,0.39186992083527405
5,1077.0,2234.35,1665.23,1675.8214,-10.591411132812482,10.591411132812482,0.6360329283529892
5,579.0,1018.52,1468.01,1429.6592,38.35082031249999,38.35082031249999,2.612435903876676
8,255.0,1817.19,1510.91,1584.8365,-73.92654785156242,73.92654785156242,4.892849200254311
8,1009.0,1378.07,1903.76,2005.0688,-101.30884765625001,101.30884765625001,5.321513618116255
10,87.0,498.96,781.97,889.66235,-107.69235351562497,107.69235351562497,13.77192904019655
1,809.0,1734.56,1447.25,1440.6686,6.5814208984375,6.5814208984375,0.45475356009241663
9,1079.0,1981.94,1763.16,1767.6174,-4.457431640624918,4.457431640624918,0.25280925387513997
8,1134.0,1049.84,2073.13,2114.7026,-41.57263671874989,41.57263671874989,2.005307757774471
8,403.0,654.97,895.14,920.996,-25.855971679687514,25.855971679687514,2.8884835533757305
8,534.0,429.88,916.02,932.4916,-16.471577148437518,16.471577148437518,1.7981678509680485
13,564.0,2245.56,1745.09,1747.9016,-2.811611328125082,2.811611328125082,0.16111554866081876
2,752.0,958.29,1144.41,1319.7028,-175.29275878906242,175.29275878906242,15.317304007223147
11,293.0,1410.0,1673.7,1669.53,4.1699707031250455,4.1699707031250455,0.24914684251210165
5,919.0,470.23,1119.17,1074.6216,44.54841796875007,44.54841796875007,3.9804871439325633
5,103.0,333.22,573.58,535.4122,38.16782958984379,38.16782958984379,6.654316675937757
1,893.0,19.76,570.71,512.19135,58.518654785156286,58.518654785156286,10.253658563045379
12,37.0,52.65,789.01,831.927,-42.91700195312501,42.91700195312501,5.439348291292253
8,1142.0,776.74,1827.44,1821.8975,5.542539062500055,5.542539062500055,0.303295268928121
5,332.0,218.03,801.73,788.42365,13.306354980468768,13.306354980468768,1.6597052599339888
7,950.0,1739.62,2032.23,1877.3871,154.84291503906252,154.84291503906252,7.619359769271319
9,223.0,1916.03,1623.73,1609.5061,14.223896484375018,14.223896484375018,0.8760013354667967
6,522.0,1210.87,1577.01,1567.5809,9.429067382812491,9.429067382812491,0.5979079005721264
12,46.0,2077.07,1666.29,1657.8816,8.408408203124964,8.408408203124964,0.5046185359766285
2,252.0,1545.94,1300.19,1299.1847,1.0053076171875546,1.0053076171875546,0.07732005454491686
14,999.0,619.42,1510.57,1719.4316,-208.86164062500006,208.86164062500006,13.826677388336858
13,125.0,2004.61,1721.56,1567.1088,154.45123535156245,154.45123535156245,8.971585965726577
9,597.0,625.99,990.84,1075.6252,-84.78524414062497,84.78524414062497,8.556905669999693
3,289.0,853.79,969.85,900.60236,69.24764404296877,69.24764404296877,7.1400365049202215
7,953.0,1918.24,1833.56,1840.6248,-7.064755859375055,7.064755859375055,0.38530268217975167
4,275.0,2359.64,1483.58,1492.1697,-8.589677734375073,8.589677734375073,0.5789831174844008
5,755.0,1584.41,1729.08,1666.7477,62.33231933593743,62.33231933593743,3.6049413176913405
9,803.0,880.17,1589.75,1597.981,-8.23095703125,8.23095703125,0.5177516610316087
11,293.0,285.14,966.87,912.0443,54.825688476562505,54.825688476562505,5.670430200188495
6,164.0,1460.21,1535.3,1532.7433,2.5567138671874545,2.5567138671874545,0.16652861767650978
12,675.0,2277.93,1807.33,1812.8395,-5.509477539062573,5.509477539062573,0.30484070640461747
11,859.0,146.71,1267.98,1254.088,13.891987304687518,13.891987304687518,1.0955998757620402
2,296.0,1878.7,1354.0,1365.6561,-11.6561279296875,11.6561279296875,0.8608661691054283
7,300.0,2417.85,1634.04,1552.6875,81.35249999999996,81.35249999999996,4.9786112947051455
2,1155.0,1517.18,1543.17,1502.6622,40.50776855468757,40.50776855468757,2.6249712316003793
5,765.0,480.48,1038.42,1011.78735,26.632646484375073,26.632646484375073,2.564727806126141
9,1097.0,2330.2,1728.07,1800.712,-72.64203613281256,72.64203613281256,4.203651248665422
4,422.0,2049.71,1491.9,1513.3132,-21.41323242187491,21.41323242187491,1.4352994451286887
14,1020.0,510.33,1406.95,1416.2267,-9.276684570312455,9.276684570312455,0.6593471388686488
4,205.0,545.57,682.22,614.6872,67.53280517578128,67.53280517578128,9.898977628298976
12,1046.0,1850.85,1875.72,1931.4716,-55.75155761718747,55.75155761718747,2.9722750526297887
4,1001.0,739.08,1116.31,1205.1234,-88.81341308593755,88.81341308593755,7.9559811419710975
9,938.0,742.17,1632.1,1631.4069,0.693139648437409,0.693139648437409,0.042469189904871585
5,351.0,407.74,883.11,747.1154,135.99458251953126,135.99458251953126,15.399506575571703
9,748.0,653.42,1249.66,1252.3203,-2.660312499999918,2.660312499999918,0.21288290414992223
13,1186.0,2462.26,1906.35,1856.4373,49.91274414062491,49.91274414062491,2.6182361130235745
6,384.0,1656.04,1682.33,1655.7468,26.583173828124927,26.583173828124927,1.5801402714167214
10,150.0,418.41,844.9,820.6682,24.231787109374977,24.231787109374977,2.868006522591428
10,783.0,158.93,993.55,1042.2853,-48.735278320312545,48.735278320312545,4.905166153722766
6,372.0,2494.69,1742.34,1578.7251,163.61490234374992,163.61490234374992,9.390526667800197
10,958.0,1643.76,1827.18,1831.5226,-4.342583007812436,4.342583007812436,0.23766585710288182
8,34.0,1225.2,1438.52,1446.0311,-7.511127929687518,7.511127929687518,0.5221427529466062
7,151.0,2461.93,1516.58,1538.97,-22.389970703125073,22.389970703125073,1.4763461672397813
7,150.0,1379.35,1500.09,1522.7594,-22.669399414062582,22.669399414062582,1.511202622113512
6,751.0,2085.98,1757.81,1705.1918,52.618227539062445,52.618227539062445,2.9933967572753852
7,568.0,159.12,738.92,880.5185,-141.5984936523438,141.5984936523438,19.16289904892868
12,574.0,2240.9,1785.72,1786.2872,-0.5672314453124727,0.5672314453124727,0.031764859289948745
13,36.0,808.38,1190.16,1183.7745,6.385463867187582,6.385463867187582,0.5365214649448462
14,595.0,1818.77,1889.9,1906.7076,-16.80764160156241,16.80764160156241,0.8893402614721629
7,381.0,2342.27,1705.24,1688.4603,16.77967285156251,16.77967285156251,0.9840065240999806
14,174.0,815.3,1295.14,1408.1908,-113.0507958984374,113.0507958984374,8.728847529876104
11,226.0,2013.45,1590.82,1621.8375,-31.017524414062564,31.017524414062564,1.9497821509701012
13,137.0,1505.66,1777.72,1777.1381,0.5819384765625273,0.5819384765625273,0.03273510319749608
13,774.0,206.45,1110.0,1135.0162,-25.0162353515625,25.0162353515625,2.2537148965371623
5,1120.0,1514.91,1658.97,1751.1677,-92.19772460937497,92.19772460937497,5.557528141520037
4,862.0,2335.55,1698.94,1641.5721,57.367856445312555,57.367856445312555,3.3766852534705496
8,829.0,1147.89,2004.34,1959.6982,44.64175781249992,44.64175781249992,2.2272547478222218
4,380.0,446.66,764.24,762.4454,1.794626464843759,1.794626464843759,0.23482498493192702
9,238.0,1197.83,1560.78,1549.7672,11.012788085937473,11.012788085937473,0.7055951566484369
13,1199.0,493.0,1634.13,1630.1996,3.930415039062609,3.930415039062609,0.24052034042962364
12,710.0,1249.41,1921.09,1881.1936,39.89639648437492,39.89639648437492,2.0767583238877365
14,719.0,1973.14,1980.99,1968.3187,12.671274414062509,12.671274414062509,0.6396435324793416
1,482.0,1697.08,1198.24,1209.5461,-11.306142578124991,11.306142578124991,0.9435624397553904
9,444.0,725.31,1062.52,1182.5516,-120.03163574218752,120.03163574218752,11.296882481476821
11,610.0,1990.79,1753.56,1751.1027,2.4573388671874454,2.4573388671874454,0.14013429065372418
4,238.0,1707.28,1483.48,1482.3715,1.1085400390625182,1.1085400390625182,0.07472564773792152
2,299.0,1612.7,1282.8,1288.3005,-5.5005371093750455,5.5005371093750455,0.4287914803067544
10,273.0,799.9,1155.05,1173.6993,-18.649340820312545,18.649340820312545,1.6145916471419026
3,154.0,274.04,406.91,391.1889,15.721096191406275,15.721096191406275,3.8635315404896104
7,636.0,697.02,1276.06,1187.9597,88.10028320312495,88.10028320312495,6.904086265780994
2,1038.0,685.07,962.14,966.2901,-4.150100097656264,4.150100097656264,0.431340563499726
2,798.0,2334.41,1485.4,1507.9674,-22.56740722656241,22.56740722656241,1.519281488256524
12,601.0,2166.56,1918.46,1885.7622,32.697792968750036,32.697792968750036,1.7043771029237011
6,290.0,814.04,1077.35,1141.9554,-64.60544433593759,64.60544433593759,5.996699710951649
8,16.0,259.02,543.56,643.5459,-99.98589843750005,99.98589843750005,18.394638758830684
8,303.0,1072.44,1453.25,1460.8407,-7.5906982421875,7.5906982421875,0.5223257004773783
11,372.0,2048.26,1632.61,1615.5267,17.0832666015624,17.0832666015624,1.0463776775569427
3,864.0,2338.52,1513.04,1514.666,-1.6260156250000364,1.6260156250000364,0.10746679697827133
11,913.0,2253.41,1758.56,1774.4038,-15.843808593750055,15.843808593750055,0.9009535411785811
14,805.0,834.06,1683.49,1749.8804,-66.39037109374999,66.39037109374999,3.943615411659706
5,905.0,2317.31,1691.38,1696.7538,-5.373784179687391,5.373784179687391,0.31771595854789525
10,728.0,226.53,1060.47,1045.9473,14.522734375000027,14.522734375000027,1.3694620663479427
4,842.0,893.25,1324.64,1324.4757,0.16429199218760004,0.16429199218760004,0.012402765444769903
5,117.0,953.06,1116.8,1205.1084,-88.30839843750005,88.30839843750005,7.907270633730304
12,307.0,957.17,1432.75,1443.318,-10.5679931640625,10.5679931640625,0.7376020355304485
9,51.0,314.81,704.94,662.21686,42.723142089843805,42.723142089843805,6.060535944880955
7,1071.0,841.11,1699.9,1806.7109,-106.81093749999991,106.81093749999991,6.283365933290188
13,922.0,1510.22,1967.87,1966.1112,1.7587939453123909,1.7587939453123909,0.08937551491269194
8,867.0,2373.39,1747.22,1725.151,22.068999023437527,22.068999023437527,1.2630921706160374
11,1013.0,1483.3,1952.8,1957.1155,-4.3154785156250455,4.3154785156250455,0.22098927261496545
6,1148.0,1525.81,1776.48,1788.4248,-11.944804687499982,11.944804687499982,0.6723861055289101
12,158.0,2195.67,1625.46,1633.2704,-7.810385742187464,7.810385742187464,0.4805031032561529
5,1010.0,2054.21,1810.37,1679.467,130.9029589843749,130.9029589843749,7.230729573754255
1,682.0,1517.04,1376.04,1348.3909,27.649130859374964,27.649130859374964,2.0093260994865676
5,14.0,78.33,406.7,412.75592,-6.055920410156261,6.055920410156261,1.4890387042429951
6,1203.0,1900.48,1972.88,1819.188,153.6920117187501,153.6920117187501,7.790236188655676
4,810.0,1852.31,1575.87,1618.7352,-42.86522949218761,42.86522949218761,2.7200993414550445
3,760.0,2073.25,1522.45,1524.4583,-2.0082519531249545,2.0082519531249545,0.13190922218299153
7,868.0,625.09,1403.48,1255.1483,148.33168457031252,148.33168457031252,10.568849187043101
7,205.0,103.31,683.1,693.20905,-10.109045410156227,10.109045410156227,1.4798778231819978
5,387.0,1882.35,1588.8,1504.6239,84.17609863281245,84.17609863281245,5.298092814250533
11,447.0,130.07,852.02,860.0856,-8.065571289062518,8.065571289062518,0.9466410752168398
9,482.0,1348.44,1633.26,1614.0571,19.20287109374999,19.20287109374999,1.1757387736031
7,15.0,2436.67,1459.63,1436.6238,23.00622070312511,23.00622070312511,1.5761679811407758
10,955.0,1182.33,1950.3,1928.0239,22.276074218749955,22.276074218749955,1.1421870593626597
5,41.0,2314.68,1500.28,1325.942,174.33798339843747,174.33798339843747,11.620363092118636
2,1189.0,1164.74,1666.52,1436.9373,229.58274414062498,229.58274414062498,13.776176952009276
2,762.0,519.74,752.69,752.63654,0.05346435546880457,0.05346435546880457,0.00710310426188797
10,895.0,937.46,1714.8,1800.9395,-86.13945312500005,86.13945312500005,5.0232944439584815
13,858.0,2258.01,1889.71,1895.5359,-5.825888671874964,5.825888671874964,0.30829538245947596
11,650.0,524.8,1179.09,1197.9734,-18.883388671875082,18.883388671875082,1.6015222478246005
4,198.0,2106.63,1450.67,1455.9711,-5.301069335937427,5.301069335937427,0.3654221384558464
1,791.0,1927.75,1419.88,1436.1671,-16.28711425781239,16.28711425781239,1.147076813379468
14,1020.0,1201.75,2337.73,2256.9883,80.74171875000002,80.74171875000002,3.4538513322753275
12,59.0,2247.39,1629.92,1627.5377,2.3822802734375728,2.3822802734375728,0.14615933747899115
8,626.0,545.84,1142.89,1115.3905,27.4994970703126,27.4994970703126,2.406136817218857
5,57.0,559.05,639.73,627.8651,11.864887695312518,11.864887695312518,1.8546711417805195
5,908.0,716.7,1375.88,1373.957,1.9229687500001091,1.9229687500001091,0.13976282451958813
13,8.0,78.44,713.71,883.08826,-169.37825683593746,169.37825683593746,23.732084016748743
11,684.0,672.51,1487.93,1479.5209,8.409125976562564,8.409125976562564,0.5651560205495261
4,180.0,2365.46,1443.02,1466.4371,-23.417133789062518,23.417133789062518,1.6227865025476098
13,511.0,1628.33,1915.79,1900.7394,15.050620117187464,15.050620117187464,0.7856090760045445
4,231.0,20.39,499.26,383.94974,115.31026245117187,115.31026245117187,23.096234917912888
9,1139.0,1973.31,1759.33,1765.7795,-6.449541015625073,6.449541015625073,0.3665907485022749
9,578.0,1167.71,1587.21,1638.8151,-51.605063476562464,51.605063476562464,3.2513065994142214
14,530.0,2028.06,2079.14,1909.099,170.04100097656237,170.04100097656237,8.178429589953652
7,316.0,141.89,837.8,743.48615,94.3138549804687,94.3138549804687,11.257323344529567
2,897.0,2382.39,1437.95,1498.8065,-60.856518554687455,60.856518554687455,4.23217208906342
12,121.0,608.92,1033.44,1036.5382,-3.0982080078124454,3.0982080078124454,0.2997956347550361
4,764.0,1417.94,1682.1,1576.3165,105.78347167968741,105.78347167968741,6.288774251214994
11,663.0,2141.08,1715.29,1776.2546,-60.964638671875036,60.964638671875036,3.554188427139145
3,91.0,1640.15,1338.3,1257.5836,80.71638183593745,80.71638183593745,6.031262186052265
1,1035.0,1289.84,1317.33,1389.591,-72.26094238281257,72.26094238281257,5.485409303880772
7,125.0,193.62,616.24,605.2631,10.976877441406259,10.976877441406259,1.781266623621683
12,437.0,639.96,1183.74,1261.3097,-77.56969238281249,77.56969238281249,6.55293327781544
4,84.0,2243.12,1392.1,1067.3413,324.7586914062499,324.7586914062499,23.328689850316067
5,716.0,1316.6,1686.98,1549.8354,137.14455078125002,137.14455078125002,8.129589608723874
12,18.0,2461.37,1556.78,1553.1902,3.5898144531249727,3.5898144531249727,0.23059227720840278
3,560.0,1664.15,1419.48,1462.6028,-43.12278320312498,43.12278320312498,3.03792819927896
3,504.0,63.39,568.17,564.3836,3.786394042968709,3.786394042968709,0.6664192130821249
5,1126.0,664.9,1336.74,1351.9983,-15.258291015624991,15.258291015624991,1.1414554076054424
1,1092.0,390.55,589.11,598.1932,-9.083176269531236,9.083176269531236,1.541847238975953
11,273.0,502.37,862.61,1016.8547,-154.24467529296874,154.24467529296874,17.88116011789438
4,6.0,458.7,459.21,473.0593,-13.849295654296895,13.849295654296895,3.015895920014132
1,620.0,490.45,678.74,669.41,9.330026855468759,9.330026855468759,1.374609844044665
5,659.0,2083.15,1645.06,1644.4153,0.6447167968749454,0.6447167968749454,0.039191080986404475
12,353.0,2150.17,1765.67,1751.3258,14.344194335937573,14.344194335937573,0.8123938412012195
13,618.0,1982.27,2000.39,1903.02,97.3699804687501,97.3699804687501,4.867549851216518
2,1158.0,2355.92,1528.91,1503.7802,25.129848632812582,25.129848632812582,1.643644729435518
3,512.0,1251.6,1360.76,1411.4956,-50.73560546875001,50.73560546875001,3.7284756657125437
5,840.0,941.55,1676.48,1451.031,225.44899414062502,225.44899414062502,13.447759242020483
7,1086.0,2319.81,1858.36,1904.1796,-45.8195654296876,45.8195654296876,2.465591458581093
13,1152.0,864.45,1797.14,2128.0283,-330.8883203124999,330.8883203124999,18.41193898708503
4,840.0,1375.42,1580.95,1578.8707,2.0792724609375455,2.0792724609375455,0.13152044409611596
4,724.0,89.99,667.98,701.76666,-33.78666259765623,33.78666259765623,5.058035060579094
3,327.0,2141.92,1438.41,1428.8875,9.522548828125082,9.522548828125082,0.6620190924788538
13,1055.0,2005.84,1997.52,1942.4893,55.03074218749998,55.03074218749998,2.7549532514067434
1,931.0,327.97,609.73,587.2755,22.454487304687518,22.454487304687518,3.682693537252147
10,108.0,2181.67,1632.42,1617.8855,14.534501953125073,14.534501953125073,0.8903653442818069
13,1204.0,24.47,1344.17,1332.5105,11.659501953125073,11.659501953125073,0.8674127493639251
5,517.0,919.25,1288.31,1295.0981,-6.788144531250055,6.788144531250055,0.5269030381856894
8,897.0,1536.36,1944.62,1913.5701,31.04993164062489,31.04993164062489,1.5967094671773865
12,988.0,2492.79,1753.84,1766.0719,-12.231899414062582,12.231899414062582,0.6974353084695629
1,1041.0,1630.25,1466.95,1467.112,-0.16206054687495453,0.16206054687495453,0.01104744857527213
10,454.0,2359.42,1619.0,1617.8192,1.1807861328125,1.1807861328125,0.07293305329292774
5,406.0,1084.16,1399.39,1414.783,-15.3929589843749,15.3929589843749,1.099976345720271
4,103.0,1790.07,1394.55,1128.0743,266.47565917968745,266.47565917968745,19.10836177832903
11,198.0,269.95,695.66,816.37024,-120.71023925781253,120.71023925781253,17.351901684416603
4,477.0,18.97,631.5,562.0764,69.423583984375,69.423583984375,10.993441644398258
11,67.0,2455.53,1572.91,1580.6321,-7.722080078124918,7.722080078124918,0.49094227121227013
7,789.0,185.73,966.26,976.61224,-10.352243652343759,10.352243652343759,1.071372472455008
13,70.0,993.7,1492.02,1522.3365,-30.316547851562518,30.316547851562518,2.031912967089082
12,59.0,858.62,1377.35,1353.3911,23.95888671874991,23.95888671874991,1.7394915394598258
3,1027.0,180.0,804.96,777.091,27.868996582031286,27.868996582031286,3.4621591858019385
3,275.0,543.74,572.73,631.9945,-59.26450683593748,59.26450683593748,10.347721759980702
12,180.0,384.42,873.97,884.18964,-10.219636230468723,10.219636230468723,1.1693349005650906
3,334.0,2449.89,1472.53,1419.321,53.20895507812497,53.20895507812497,3.613437762091433
7,759.0,1694.02,1960.92,1763.5358,197.38423339843757,197.38423339843757,10.065899343085775
10,174.0,1991.96,1542.4,1569.5248,-27.12478027343741,27.12478027343741,1.7586086795537739
1,780.0,366.37,516.69,542.424,-25.734011230468695,25.734011230468695,4.980551439057983
9,934.0,415.5,1208.82,1210.967,-2.1470410156250637,2.1470410156250637,0.17761461719900926
8,936.0,556.28,1277.26,1273.461,3.798940429687491,3.798940429687491,0.2974289048187128
1,1002.0,2320.13,1475.4,1471.6837,3.716284179687591,3.716284179687591,0.2518831625110201
7,83.0,137.84,482.65,575.5273,-92.87728271484377,92.87728271484377,19.24319542418808
9,191.0,789.52,1058.5,1065.3918,-6.891845703125,6.891845703125,0.6510954844709494
3,280.0,1090.37,1256.92,1084.4143,172.50569335937507,172.50569335937507,13.72447676537688
5,644.0,2383.17,1785.53,1636.8694,148.66061523437497,148.66061523437497,8.3258536812249
10,498.0,992.86,1395.03,1369.3202,25.709809570312473,25.709809570312473,1.8429574683205718
4,317.0,1793.28,1518.93,1460.412,58.518012695312564,58.518012695312564,3.8525812707177134
4,1100.0,370.61,860.32,998.458,-138.13800781249995,138.13800781249995,16.05658450489352
4,263.0,2469.06,1503.98,1461.8304,42.14955566406252,42.14955566406252,2.8025343198754316
4,932.0,1287.34,1513.28,1525.8755,-12.595488281250027,12.595488281250027,0.8323303209749701
14,343.0,2013.4,1839.05,1836.5052,2.5447509765624545,2.5447509765624545,0.13837312615548542
2,274.0,888.24,917.79,921.0427,-3.2527246093750364,3.2527246093750364,0.3544083733070786
1,759.0,330.29,500.92,536.1641,-35.244123535156234,35.244123535156234,7.035878690241202
8,204.0,2178.45,1506.38,1510.6979,-4.317875976562391,4.317875976562391,0.28663922626179256
10,396.0,2068.65,1556.68,1563.9382,-7.258232421874936,7.258232421874936,0.46626361370833674
6,840.0,870.82,1496.46,1458.5452,37.914833984375036,37.914833984375036,2.533634977505248
7,756.0,1473.59,1961.96,1744.7278,217.23221679687504,217.23221679687504,11.072204163024477
4,1048.0,279.75,780.15,835.5442,-55.39418945312502,55.39418945312502,7.1004536887938245
9,800.0,39.96,1158.68,1038.3907,120.28925292968756,120.28925292968756,10.381576701909722
3,240.0,1895.67,1386.33,1411.481,-25.150957031250073,25.150957031250073,1.8142114093505928
13,997.0,920.48,2124.16,2073.5532,50.606777343749854,50.606777343749854,2.382437167809857
2,826.0,2163.39,1523.26,1515.5669,7.693105468749991,7.693105468749991,0.5050421772218788
6,194.0,914.25,1168.72,1253.3619,-84.64193847656247,84.64193847656247,7.242276890663501
4,333.0,1934.76,1467.52,1519.1207,-51.60072753906252,51.60072753906252,3.516185642380514
8,1053.0,1864.01,1794.57,1823.4897,-28.919746093750064,28.919746093750064,1.6115139612135534
12,466.0,1291.33,1770.37,1728.8209,41.54907714843739,41.54907714843739,2.3469148905843067
8,916.0,2417.62,1755.05,1763.9703,-8.920336914062545,8.920336914062545,0.5082668251082616
11,322.0,1251.3,1732.46,1711.0585,21.401528320312536,21.401528320312536,1.2353259711804334
13,11.0,1114.96,1555.48,1547.0587,8.421284179687518,8.421284179687518,0.5413945650016405
7,250.0,364.79,718.71,735.2309,-16.520895996093714,16.520895996093714,2.2986873698840578
5,247.0,296.51,594.93,656.84283,-61.9128344726563,61.9128344726563,10.406742721438876
14,1158.0,2104.61,1899.69,2016.5132,-116.82318359374995,116.82318359374995,6.149591964675812
11,1095.0,1071.83,2159.33,2077.4512,81.87882812499993,81.87882812499993,3.791862666892042
11,1149.0,270.81,1284.51,1293.9305,-9.420541992187509,9.420541992187509,0.7333957689848666
9,14.0,1057.38,1372.31,1366.1854,6.124575195312445,6.124575195312445,0.44629676933873874
4,184.0,983.77,1202.69,937.7995,264.8905004882813,264.8905004882813,22.02483603324891
6,135.0,2488.22,1561.2,1556.3098,4.8901855468750455,4.8901855468750455,0.3132324844270462
5,717.0,1508.97,1722.49,1525.3022,197.18775390625,197.18775390625,11.447831563971343
1,389.0,1964.96,1228.94,1222.8148,6.125180664062555,6.125180664062555,0.49841169333430063
3,1136.0,1296.54,1536.6,1528.6554,7.944604492187409,7.944604492187409,0.5170248921116367
13,145.0,2202.42,1716.13,1723.9835,-7.853520507812391,7.853520507812391,0.45762969634074285
1,1122.0,861.5,1081.05,1226.2865,-145.23649902343755,145.23649902343755,13.434762409087234
14,383.0,97.95,1203.93,1201.6501,2.2798535156250637,2.2798535156250637,0.1893676140327979
1,309.0,1211.37,1110.55,1075.2577,35.292309570312455,35.292309570312455,3.1779127072452797
14,1090.0,2248.68,1905.5,1915.573,-10.072998046875,10.072998046875,0.5286275542836526
3,278.0,994.9,1167.78,1008.341,159.43899658203122,159.43899658203122,13.653170681295382
7,1109.0,2397.29,1917.57,1912.3247,5.245292968749936,5.245292968749936,0.27353853933623995
12,643.0,2194.16,1758.03,1836.6257,-78.59573242187503,78.59573242187503,4.470670717898729
11,176.0,1050.67,1444.13,1449.5911,-5.461064453124891,5.461064453124891,0.37815601456412445
7,309.0,1021.75,1309.85,1399.0636,-89.21359863281259,89.21359863281259,6.810978251922937
3,992.0,1897.41,1539.0,1550.1111,-11.111083984375,11.111083984375,0.7219677702647823
3,175.0,440.19,431.17,420.53696,10.633043212890641,10.633043212890641,2.4660906864787995
5,895.0,2329.69,1791.96,1693.7645,98.19547363281254,98.19547363281254,5.47978044335881
8,372.0,348.37,950.24,884.9937,65.24628662109376,65.24628662109376,6.866295527560801
5,567.0,193.11,718.3,741.71533,-23.415332031250045,23.415332031250045,3.2598262607893704
8,978.0,710.43,1624.58,1532.2828,92.29716308593743,92.29716308593743,5.681293816613366
1,1082.0,1809.49,446.94,1461.902,-1014.9619775390624,1014.9619775390624,227.0913271443734
11,636.0,2238.97,1699.94,1727.1399,-27.199892578124945,27.199892578124945,1.6000501534245293
6,370.0,315.09,946.39,837.7454,108.64457763671874,108.64457763671874,11.479894930918409
8,413.0,222.83,802.95,852.4318,-49.481823730468705,49.481823730468705,6.162503733790237
3,399.0,141.39,546.04,553.24866,-7.208657226562536,7.208657226562536,1.3201701755480435
